id,title,detail,category,link,img
1047,"'이것' 있으면 폐암 발병 49% 높다…""진단 즉시 금연을""","[서울=뉴시스] 백영미 기자 = 류머티즘 관절염이 국내 암 사망률 1위인 폐암 발병을 부추기는 위험 인자라는 연구 결과가 나왔다.  삼성서울병원 가정의학과 신동욱·폐식도외과 조종호 교수, 강북삼성병원 조미희 교수 연구팀은 최근 폐암 분야 국제 폐암학회(IASLC) 공식 학술지(Journal of Thoracic Oncology)에 류머티즘 관절염을 앓고 있는 환자가 그렇지 않은 환자 보다 폐암 발병 위험이 49% 높다고 보고했다. 국민건강보험 자료를 활용해 2010년부터 2017년 사이 류머티즘 관절염을 새롭게 진단받은 환자 5만 1899명과 나이와 성별 등 위험 요인을 보정해 맞춘 류머티즘 관절염이 없는 일반인 대조군 25만 9495명을 평균 4.5년간 추적 관찰해 얻은 결과다. 연구팀에 따르면 류머티즘 관절염으로 인한 폐암 발병 위험이 증가하는 경향은 환자의 흡연력에 따라 더욱 두드러졌다.  류머티즘 관절염이 아닌 일반인과 비교했을 때 20갑년(매일 담배 1갑씩 20년을 피운 경우) 이상 담배를 피운 환자의 경우 87%나 폐암 발병 위험이 더 높은 것으로 분석됐다. 20갑년 미만에서도 70%로 높았다. 현재 담배를 끊었더라도 과거 20갑년 이상 흡연 이력이 있는 경우 폐암 발병 위험이 79%였다.  연구팀은 만성 염증이 류머티즘 관절염과 폐암 사이의 연결고리로 작용했을 것으로 추정했다. 또 자가면역질환인 류머티즘 관절염의 경우 면역을 억제하는 약을 쓰는 경우가 많은데, 이 때 암이 자라는데 유리한 환경이 조성됐던 것도 한 몫 했을 것으로 연구팀은 분석했다. 연구팀은 “류머티즘 관절염 환자들은 폐암에도 취약하다는 사실이 이번에 확인됐다”면서 “폐암은 국내 암 사망률 1위에 해당해 치명적이므로 돌이킬 수 없는 결과가 초래되지 않도록 류머티즘 관절염 진단 즉시 금연해야 할 것”이라고 권고했다. ☞공감언론 뉴시스 positive100@newsis.com  ",society,https://v.daum.net/v/20231220103837261,https://img2.daumcdn.net/thumb/R658x0.q70/?fname=https://t1.daumcdn.net/news/202312/20/newsis/20231220103837972swbc.jpg
1048,"""휴대폰 분실했다""...빌미로 중학생 유인, 장애인男 징역 선고","    핸드폰을 분실했다며 중학생에게 접근한 뒤 자신의 집으로 데려가려고 한 30대 남성에게 징역형이 선고됐다.  의정부지법 남양주지원 형사1단독(부장판사 최치봉)는 미성년자유인미수 혐의로 재판에 넘겨진 30대 남성 A씨(지적장애 2급)에게 징역 6월에 집행유예 1년을 선고했다고 20일 밝혔다.  A씨는 지난 4월6일 오후 7시45분께 남양주시 소재 아파트 공동현관 앞에서 중학생 B양에게 접근해 “핸드폰을 잃어버렸으니 전화를 걸어 달라”며 자신의 집으로로 유인하려 한 혐의를 받는다.  B양은 A씨가 계속 자신을 따라오라고 요구하자 곧바로 도망친 뒤 경찰에 신고했다.  A씨는 과거 폭행죄로 벌금형, 특수상해죄로 징역 6개월에 집행유예 2년, 강제추행죄로 기소유예 처분을 받은 전력이 있던 것으로 확인됐다.  재판부는 “지적장애 2급인 A씨가 일반인에 비해 다소 지적 능력이 떨어지는 점, 최근 결혼해 배우자와 주변인들이 A씨에게 적극적인 관심과 보호 의지를 보이는 점, 일정 금액을 형사 공탁한 점 등을 고려해 형을 정했다”고 설명했다.  이대현 기자 lida@kyeonggi.com  ",society,https://v.daum.net/v/20231220103831257,https://img3.daumcdn.net/thumb/R658x0.q70/?fname=https://t1.daumcdn.net/news/202312/20/kyeonggi/20231220103832503rulv.jpg
1049,"영남대-한국부동산원, 지역 인재육성 업무 협약","영남대학교(총장 최외출)와 한국부동산원(원장 손태락)이 지역사회 발전과 사회공헌 협력을 위한 업무협약을 체결했다. 두 기관은 ▲연구·기술 및 학술 정보 교류 ▲연수·교육·연구 프로그램 공동 개발 및 운영 ▲주요 행사 공동 개최, 인력 상호 교류 ▲주요 보유시설 및 기자재 공동 활용 ▲ESG 경영 및 확산에 필요한 사항 ▲장학금 대상 선정, 지급 등 장학 사업에 필요한 사항 등을 위해 뜻을 모으기로 했다. 최외출 영남대 총장은 “부동산 산업 전반에 걸쳐 부동산 거래질서 확립과 소비자 보호 등 국민의 주거 안정에 크게 기여해 온 한국부동산원이 지역사회 발전과 ESG 문화 확산에도 앞장서고 있다는 사실을 잘 알고 있다”면서 “양 기관이 보유한 우수한 인적, 물적 자원을 활용해 지역 인재 양성과 사회 공헌, ESG 경영 확산 등 협력 성공 사례를 만들어나가길 기대한다”고 말했다. 대구=정재훈 기자 jhoon@etnews.com ",society,https://v.daum.net/v/20231220103807249,https://img2.daumcdn.net/thumb/R658x0.q70/?fname=https://t1.daumcdn.net/news/202312/20/etimesi/20231220103809014saos.jpg
1050,"""주택용 전기요금 누진제 정당""…소비자 공동소송 또 기각","(서울=연합뉴스) 이대희 기자 = 주택용 전력 소비자들이 한국전력의 전기요금 누진 체계가 부당하다며 집단으로 낸 민사 소송 항소심에서 패소했다. 서울고법 민사7부(강승준 김민아 양석용 부장판사)는 20일 홍모씨 등 소비자 5천여명이 한국전력공사를 상대로 ""1인당 50만원을 반환하라""며 낸 전기요금 부당이득 반환 청구 소송에서 원고의 항소를 기각했다. 홍씨 등은 2016년 한전의 주택용 전기요금 누진제 규정이 지나치게 불리해 무효라고 주장하며 이 요금제를 통해 더 납부한 전기요금을 반환하라며 소송을 냈다. 한전은 주택용 전기요금 단가를 6단계로 차등 적용하는 누진 체계를 적용하는데, 전체 전기 사용량의 절반 이상을 차지하는 산업용 전기에는 이를 적용하지 않는다. 소송 제기 당시 기준으로 주택용 전기요금은 100kWh까지는 kWh당 60.7원이었지만, 500kWh를 초과하는 6단계에 들어서면 709.5원으로 11.7배가 뛰었다. 그러나 2018년 1심은 ""전력 공급의 특수성과 정책적 필요성, 누진제를 도입한 외국 사례 등을 종합적으로 고려할 때 정당하다""며 원고 패소로 판결했다. 2심 재판부 역시 ""관련 사건 대법원판결 취지와 원고의 주장, 제출 증거 등을 모두 종합하면 1심 결론은 타당하다""고 판시했다. 법원은 누진제에 반발해 주택용 전력 소비자가 제기한 소송에서 한전의 손을 들어주고 있다. 대법원은 지난 3월 주택용 전력 소비자 87명이 한전을 상대로 낸 같은 취지 소송 상고심에서 ""누진제는 전기 사용자 간에 부담의 형평이 유지되는 가운데 전기의 합리적 배분을 위해 도입됐다""며 원고 패소 판결을 확정했다. 2vs2@yna.co.kr ▶제보는 카톡 okjebo ",society,https://v.daum.net/v/20231220103803240,https://img3.daumcdn.net/thumb/R658x0.q70/?fname=https://t1.daumcdn.net/news/202312/20/yonhap/20231220103803898qfph.jpg
1051,"부산 제조업, 원자재 가격 상승에 고금리까지 ‘이중고’"," [파이낸셜뉴스] 부산지역 제조업체들이 올 하반기 원자재 가격상승에 따른 경영 부담을 가장 크게 느끼고 있는 것으로 나타났다.  부산경제진흥원 부산원스톱기업지원센터가 부산 소재 제조업체 124개사를 대상으로 실시해 20일 발표한 ‘2023년 하반기 경영 동향 및 애로 사항 조사’ 결과에 따르면 기업들은 상반기에 이어 하반기에도 ‘원자재 가격 상승 및 조달 곤란’을 가장 큰 경영 애로사항으로 꼽았다.  해당 응답 비중도 지난 상반기 37.2%에서 하반기 40.3%로 3.1%p 높아진 것으로 조사됐다.  이어서 경영애로의 많은 부분을 차지한 것은 ‘인력 부족 및 임금 상승(23.4%)’과 ‘고금리(16.9%)’였다. 특히 고금리 응답률은 상반기 응답률 11.5%에 비해 5.4%p나 증가했다. 반면 ‘수출 및 내수 판매 부진’이라고 응답한 업체의 비중은 상반기 21.1%에서 하반기 13.7%로 7.5%p 감소한 것으로 나타났다.  조사 결과 올 하반기에도 부산 제조업체의 원자재난과 인력난은 지속됐으며 판매난은 다소 완화됐지만 고금리로 인한 자금난은 크게 심화됐음을 확인했다.  내년도 매출 전망에 대한 의견을 조사에서 올해보다 매출 증가를 전망한 업체는 14.5%, 동일 수준으로 전망한 업체는 53.2%, 감소할 것으로 내다본 업체는 32.3%로 집계됐다.  내년에 중점적으로 추진할 분야로는 ‘생산성 향상(43.5%)’, ‘기술 개발(24.2%)’, ‘경비 절감(18.5%)’, ‘시장 개척(12.1%)’, ‘시설 확장(1.6%)’ 순으로 나타났다.  국제 정세 불안, 환율 변동 위험, 고금리 등으로 인해 외연 확장보다는 내실을 다지는 분야를 더 중점적으로 추진할 것으로 해석된다.  내년 부산 제조업체의 고용 전망을 살펴보면 증가라고 응답한 업체는 19.4%, 동일 수준으로 응답한 업체는 75.8%, 감소라고 응답한 업체는 4.8%로 나타났다. 고용 증가 응답 비중이 고용 감소 응답 비중 보다 14.6%p 높게 나타남에 따라 2024년 고용은 다소 증가세를 보일 것으로 기대된다.  단, 내년도 매출이 소폭 감소할 것으로 전망되고 인력 부족 및 임금 상승이 두 번째로 높은 경영애로 사항을 차지한 것을 고려하면 내년도 고용 증가는 시설 확장과 같은 투자에 의해 이뤄지기보다는 올해 부족했던 인원과 내년도 퇴직할 인원을 충원하는 수준에서 이뤄질 것이란 전망에 힘이 실린다.  센터 관계자는 “최근 지속적인 기준금리 상승으로 기업의 자금난이 가중되고 있으며 이번 조사결과를 통해서도 고금리가 경영환경을 어렵게 하는 요인 중 가장 높은 증가세를 보이고 있음을 확인했다”면서 “기업들이 생각하는 적정 기준 금리는 2% 이상~3% 미만이 응답률 76.6%를 기록한 만큼 고금리로 인한 기업들의 자금난 해소를 위해서는 기준 금리 인하와 같은 조치가 필요할 것으로 보인다”라고 강조했다. ",society,https://v.daum.net/v/20231220104348498,https://img2.daumcdn.net/thumb/R658x0.q70/?fname=https://t1.daumcdn.net/news/202312/20/fnnewsi/20231220104348642gpjm.jpg
1052,"법원 ""SKT, 개인정보 가명처리 중단""…가입자들 2심도 승소","(서울=연합뉴스) 이영섭 기자 = SK텔레콤 가입자 일부가 통신사를 상대로 개인정보 가명처리를 중단하라는 소송을 내 2심에서도 이겼다. 서울고법 민사7부(강승준 김민아 양석용 부장판사)는 20일 A씨 등 5명이 SKT를 상대로 낸 처리정지 청구 소송을 1심과 같이 원고 승소로 판결했다. 가명처리란 개인정보 일부를 삭제·대체해 추가정보 없이는 누구인지 알아볼 수 없도록 하는 조치다. 통신사들이 당사자 동의 없이 개인정보를 추가로 활용하거나 제3자에게 제공할 때 가명처리를 하게 돼 있다. 참여연대 등은 2020년 10월 SKT에 보유 개인정보의 가명처리 여부, 가명처리 정보 주체가 개인정보 일체를 열람할 수 있는지를 물으며 궁극적으로 가명처리 중단을 요구했다. 이들은 통신사가 가명처리를 내세워 개인정보를 마음대로 활용할 수 있다고 주장했다. 그러나 SKT는 ""이미 가명처리된 정보에 대해선 개인정보 열람과 처리정지권이 제한된다""며 시민단체 요구를 거절했다. 단체들은 ""열람청구권·처리정지권이 없다면 기업의 손에 개인정보가 넘어간 이후에는 정보 주체가 통제·감시할 수단이 전혀 없게 된다""며 이듬해 2월 소송을 제기했다. A씨 등은 이 소송에 자발적으로 참여한 SKT 가입자다. 1심 재판부는 ""정보 주체로서는 개인정보 가명처리를 정지해달라고 요구하는 게 가명정보에 관해 행사할 수 있는 유일한 결정권""이라며 ""SKT는 원고들의 개인정보를 가명처리해선 안 된다""고 판단했다. younglee@yna.co.kr ▶제보는 카톡 okjebo ",society,https://v.daum.net/v/20231220104326492,https://img2.daumcdn.net/thumb/R658x0.q70/?fname=https://t1.daumcdn.net/news/202312/20/yonhap/20231220104326191bufv.jpg
1053,"가톨릭대 대전성모병원, 감염관리의 날 행사 성료","[아이뉴스24 박희석 기자] 가톨릭대학교 대전성모병원은 지난 19일 오후 4시 병원 9층 대강당 상지홀에서 감염관리의 날 행사를 개최했다. ‘감염관리, 누구나 실천할 수 있어요’를 주제로 열린 이번 행사는 감염관리 OX 퀴즈, 내 핸드폰은 얼마나 깨끗한가-오염도 테스트 등 사전 행사를 시작으로 서우석 감염관리실장(소아청소년과 임상조교수)이 ‘의료 관련 감염과 감염관리’를 주제로 특강을 진행했다. 강전용 병원장은 “의료 현장에서 감염관리에 대한 관심을 갖고 실천하고 있는 교직원 덕분에 안전한 병원이 유지되고 있다”며 “앞으로도 감염관리의 중요성을 인식하고 기본을 철저히 지켜 환자 안전에 힘써달라”고 전했다. /대전=박희석 기자(news26@inews24.com) ",society,https://v.daum.net/v/20231220104307482,https://img2.daumcdn.net/thumb/R658x0.q70/?fname=https://t1.daumcdn.net/news/202312/20/inews24/20231220104309163punk.jpg
1054,"임실군의회 ""일진제강 제2농공단지 투자협약 이행하라""","(전북=뉴스1) 김동규 기자 = 전북 임실군의회는 제333회 정례회에서 ‘일진제강 임실 제2농공단지 투자협약 이행 촉구 결의안’을 만장일치로 채택했다고 20일 밝혔다. 결의안에는 일진제강이 임실 제2농공단지 투자계획서를 신속히 제출하고, 2024년에 일진제강 공장 착공이 추진될 수 있도록 촉구하는 내용이 담겼다. 2016년 임실군과 일진제강은 임실 제2농공단지 투자협약을 맺고 일진제강 공장을 신축하기로 합의했다. 하지만 7년이 지난 현재 공장 부지만 조성해 놓았을 뿐 협약에 따른 투자가 전혀 이뤄지지 않고 있다.  임실군은 일진제강에 공장 신축에 착수해 줄 것을 여러 차례 요청했으나 일진제강은 기다려달라는 말만 되풀이하며 미뤄왔다. 건의안을 대표 발의한 양주영 의원은 “일진제강은 공장 신축을 위해 임실군으로부터 저렴한 가격에 토지를 분양받았으나 지난 7년 동안 아무것도 하지 않았다”며 “토지 분양으로 이득만을 챙긴 채 투자를 주저하며 수수방관 해왔다. 투자협약을 이행할 의지가 있는지 의문이다”고 말했다. 이성재 의장은 “일진제강은 투자를 미루면서 신뢰를 잃어버렸다. 임실군민과 임실군은 더 이상 일진제강을 기다릴 수 없다”며 “일진제강은 임실군에 구체적인 투자계획을 제시하고 조속한 시일 내에 공장 착공을 추진해 주기 바란다”고 말했다. kdg2066@news1.kr  ",society,https://v.daum.net/v/20231220104306481,https://img4.daumcdn.net/thumb/R658x0.q70/?fname=https://t1.daumcdn.net/news/202312/20/NEWS1/20231220104308034lojs.jpg
1055,"""평생 꿈이야"" 말없이 세계일주 떠난 남편...이혼사유 될까[이혼챗봇]","




            ━
           ◇ 퇴사 후 혼자 여행만 다니는 배우자, 이혼 사유 될까

            ━
           

A씨와 남편 B씨는 결혼 24년차 부부다. 두 사람 사이에는 성인이 된 딸이 있다. 
           B씨는 얼마 전 오랫동안 회사를 퇴사하고 평생 꿈인 세계일주를 하겠다고 가족들에게 통보했다.  A씨는 ""딸의 대학 등록금 문제도 있고 아직 젊은 나이라 일을 하지 않고 세계일주를 하는 것은 말도 안 된다""며 B씨를 설득했지만 B씨는 가족들 몰래 여행을 준비해 갑자기 출국한 후 가족들의 연락은 받지 않았다.  여행을 떠난 B씨는 세계 각지를 여행하며 한두 번 딸을 통해 잘 지낸다는 메일과 여행중인 본인의 사진을 보내기만 했다. 1년 가까이 집에는 들어오지 않고 있다.  B씨의 행동은 재판상 이혼 사유 중 하나인 '배우자가 악의로 다른 일방을 유기한 때'에 해당한다고 볼 수 있을까.  이런 상태가 지속되면 악의 유기로 볼 수 있다.  악의 유기란 정당한 이유 없이 고의로 부부로서 동거, 부양 협조 의무를 이행하지 않는 행위다. 
           장윤정 법무법인 차원 변호사는 ""일방적으로 여행을 떠나 1년 가까이 가출 상태로 지내는 경우는 동거의무 위반으로 악의유기에 해당한다""며 ""근무지 이동으로 인한 별거 등 정당한 사유가 있는 경우가 아닌 한 가족들의 만류에도 불구하고 일방적인 통보를 하고 장기 가출을 해 가정을 돌보지 않는 경우는 이혼 사유가 된다""고 말했다.
           



            ━
           ◇ 성년 자녀의 대학 등록금은 양육비로 인정될까

            ━
           

A씨는 남편 B씨와 이혼 후 대학생 자녀를 본인이 양육할 계획이다.
           미성년자가 아닌 성년 자녀의 대학 등록금을 이혼 배우자에게 양육비로 일부 부담하게 할 수 있을까.  가능하다.  장 변호사는 ""원래 양육비는 미성년 자녀가 성년이 될 때까지 지급하는 것이나 이혼 시 조정 또는 약정을 통해 성년 자녀의 대학 등록금이나 결혼 자금 등도 이혼 당사자들의 경제력을 고려해 함께 부담하도록 할 수 있다""고 설명했다.  [이혼도 똑똑하게 할 필요가 있습니다. 스마트한 이혼을 위해 챗봇처럼 궁금증을 대화하듯 풀어드리겠습니다.] 박다영 기자 allzero@mt.co.kr 장윤정 변호사  ",society,https://v.daum.net/v/20231220104303477,https://img2.daumcdn.net/thumb/R658x0.q70/?fname=https://t1.daumcdn.net/news/202312/20/moneytoday/20231220104304747goja.jpg
1056,"강진군, 2023 전라남도 농촌진흥사업 평가 ‘최우수상’ 수상","전남 강진군(군수 강진원)은 지난 19일 ‘2023년 전라남도 농촌진흥사업 종합평가’에서 강진군농업기술센터가 최우수상(상 사업비 1000만원, 시상금 500만원)을 수상했다고 20일 밝혔다. ‘2023 농촌진흥사업 종합평가’는 한 해 동안 추진한 농촌진흥사업 발전과 성과 향상에 기여한 우수기관을 평가, 시상해 농촌진흥사업의 활성화를 유도하기 위한 것으로, 농촌지도 혁신전략 추진실적, 정부합동평가 등 3개 분야 15개 지표에 걸쳐 농촌진흥업무 전반을 평가한다. 강진군은 청년 창업농업인 및 귀농인 대상 정책 추진, 농기계 임대사업 등 현장 중심 기술보급, 지역맞춤형 유망과수 특화단지 조성, 지속가능한 축산업 육성 등 농업 경쟁력 강화를 위한 농촌진흥사업 추진에 대한 높은 성과를 인정받아 수상의 쾌거를 이뤘다. 
특히 군은 기후변화에 대응해 지역맞춤형 유망과수 발굴 및 경쟁력 향상을 위한 사업으로 체리 비가림 시설 지원, 애플망고 전용 시설하우스 및 모종 지원, 이상기상 대응 기반 구축 등을 추진해 신소득작목 발굴 및 농가의 고소득 수익 창출을 위한 기술 보급에 힘써왔다.
 또한 명품 포도 특화단지 조성에 힘써 지난 10월 5일 태국에 2t의 포도를 수출했으며 규격품 출하로 강진포도 이미지 제고 및 소득 증가(2만 4000원 → 2만 8000원/2㎏), 재해회피 시설을 통한 안정생산으로 생산량 증대(2t/990㎡ → 2.4t/990㎡)의 성과를 거뒀다. 미래 전략 소득작물인 딸기 육성을 위해 농업기술센터 딸기 원묘 보급체계를 마련하고 삽목육묘 기술 투입, 천정개폐 및 냉동저장 등 기술을 보급해, 딸기 모종 생산 전문 농가의 매출 증가와 병발생율 억제, 월동 대비 노동력 절감 및 월동 중 동해 발생률 0％에 기여했다. 최영아 농업기술센터소장은 “이번 수상은 전 직원과 강진군 농업인들이 합심해 지도사업 수행에 최선을 다해 이뤄낸 성과”라며 “앞으로도 미래농업을 이끌어 갈 창조적인 전문인력을 양성하고, 강진 농업·농촌 경쟁력 향상과 지역 농가들에게 더 나은 서비스를 제공하기 위해 노력할 것”이라고 말했다. 한편 강진군은 디지털시대에 발맞춰 내년 디지털농업대학을 개설해 미래 농업의 기술과 지식을 전달하고, 축산, 시설원예 등 각 농업 분야에 4차산업혁명 기술을 보급해 농업인들이 더 스마트하고 효율적인 생산을 할 수 있도록 환경구축과 지원을 아끼지 않을 방침이다. 호남취재본부 서영서 기자 just8440@asiae.co.kr ",society,https://v.daum.net/v/20231220104254475,https://img1.daumcdn.net/thumb/R658x0.q70/?fname=https://t1.daumcdn.net/news/202312/20/akn/20231220104255944qjdo.jpg
1057,"여수광양항만공사, 인권경영시스템 4년 연속 인증","
           여수광양항만공사(YGPA)는 인권경영시스템에 대한 인증을 4년 연속으로 취득했다고 20일 밝혔다.
           인권경영시스템 인증은 기관의 인권경영을 체계적으로 관리하기 위한 방침과 목표를 수립하고 실행을 위한 체계를 갖춰 적합하게 운영하고 있는지를 심사해 인증하는 제도이다. 올 한해 YGPA는 '인권이 중시되는 사람 우선의 여수·광양항 조성'을 위해 △인권경영 추진체계 고도화 △인권 취약분야 점검 및 보호 △대상별 맞춤형 인권 역량 제고라는 중점과제를 설정하고 다양한 인권경영활동을 전개했다. 특히 인권경영시스템 구축과 체계에 대한 적극적 개선, 임직원과 이해관계자에 대한 인권존중 책무 수행, 상호존중 주간 등을 통한 평등한 조직문화 조성에 대한 노력을 높게 평가받았다. 박성현 사장은 ""올바른 인권존중문화 정착을 위해 다양한 활동과 교육을 실시하고 있다""며 ""여수·광양항의 인권문화를 선도하는 YGPA가 되도록 노력하겠다""고 말했다. 광양=홍기철 기자 honam3333@mt.co.kr<저작권자 ⓒ '성공을 꿈꾸는 사람들의 경제 뉴스' 머니S, 무단전재 및 재배포 금지> ",society,https://v.daum.net/v/20231220104251474,https://img3.daumcdn.net/thumb/R658x0.q70/?fname=https://t1.daumcdn.net/news/202312/20/moneyweek/20231220104252684lykr.jpg
1058,"'코로나치료제' 조코바, 싱가포르서 특별경로 사용승인"," [서울=뉴시스]송연주 기자 = 일본 제약회사 시오노기와 일동제약이 공동 개발 중인 먹는 코로나19 치료제 '조코바'(성분명 엔시트렐비르)가 싱가포르에서 특별접근경로(Special Access Route·SAR) 승인을 받았다.  SAR은 승인되지 않은 의약품을 수입·공급하기 위한 싱가포르 고유의 시스템으로, 싱가포르의 일부 의료현장에서 조코바를 사용할 수 있게 됐다.  20일 제약업계에 따르면 시오노기는 핑안시오노기홍콩과 싱가포르의 주니퍼 테라퓨틱스가 싱가포르에서 엔시트렐비르의 제조·시판허가 신청·승인후 판매에 대한 하위 라이선스 계약을 체결했다고 19일 밝혔다.  이는 지난달 15일 싱가포르가 엔시트렐비르를 특별접근경로(Special Access Route·SAR) 승인한 것을 기반으로 한다. SAR은 승인되지 않은 의약품을 수입·공급하기 위한 싱가포르 고유의 시스템으로, 다른 치료 옵션이 없는 경고 의료 수요가 높은 질병의 치료에 중점을 둔다. 사용하기 위해선 의료기관 소속 의사의 신청이 필요하다.  엔시트렐비르는 시오노기와 일동제약이 공동 개발한 코로나19 치료제 '조코바'의 성분명이다. 작년 11월 일본 후생노동성에서 긴급사용승인을 받아, 일본에선 정식 허가를 받기 전 사용되고 있다. 국내의 경우 판권을 가진 일동제약이 올해 1월 정식 허가를 위한 신청을 낸 바 있다.  이번 계약에 따라 핑안시오노기홍콩은 주니퍼에 싱가포르에서 엔시트렐비르의 제조 및 시판 허가 신청·판매에 대한 권리를 부여할 예정이다. 승인을 받은 후 핑안시오노기홍콩은 주니퍼에 제품을 공급하고 판매는 주니퍼가 담당하게 된다.  핑안시오노기홍콩은 홍콩 시오노기와 중국 핑안보험 자회사 투툼재팬헬스케어가 2020년 설립한 합작회사다. 주니퍼는 싱가포르에 본사를 둔 헬스케어 기업으로 암, 희귀질환, 감염병 분야 의약품 개발에 주력하고 있다.  향후 주니퍼는 싱가포르 당국과 논의를 진행하고 임상 2·3상 데이터를 바탕으로 싱가포르 내 시판허가 신청을 목표로 할 계획이다. 시오노기는 ""코로나19가 계속 삶에 영향을 미치고 전 세계적 위협이 됨에 따라 해외에서 엔시트렐비르의 실용화 노력을 가속화하고 있다""며 ""주니퍼와의 협력으로 엔시트렐비르 시판 허가 획득을 목표로 하고 있으며, SAR 승인을 기회로 삼아 싱가포르의 코로나19 치료에 기여하고자 한다""고 말했다. ☞공감언론 뉴시스 songyj@newsis.com  ",society,https://v.daum.net/v/20231220104248473,https://img2.daumcdn.net/thumb/R658x0.q70/?fname=https://t1.daumcdn.net/news/202312/20/newsis/20231220104248173ewtg.jpg
1059,"장영진 1차관, 전남지역 R&D 정책방향 설명회 주재",(서울=연합뉴스) 장영진 산업통상자원부 1차관이 20일 광주 북구 광주과학기술원에서 열린 전남지역 R&D 정책방향 설명회를 주재하고 있다. 2023.12.20 [산업통상자원부 제공. 재판매 및 DB 금지] photo@yna.co.kr ▶제보는 카톡 okjebo ,society,https://v.daum.net/v/20231220104247472,https://img1.daumcdn.net/thumb/R658x0.q70/?fname=https://t1.daumcdn.net/news/202312/20/yonhap/20231220104247241puwr.jpg
1060,"장영진 1차관, 전남지역 R&D 정책방향 설명회 주재",(서울=연합뉴스) 장영진 산업통상자원부 1차관이 20일 광주 북구 광주과학기술원에서 열린 전남지역 R&D 정책방향 설명회를 주재하고 있다. 2023.12.20 [산업통상자원부 제공. 재판매 및 DB 금지] photo@yna.co.kr ▶제보는 카톡 okjebo ,society,https://v.daum.net/v/20231220104243469,https://img3.daumcdn.net/thumb/R658x0.q70/?fname=https://t1.daumcdn.net/news/202312/20/yonhap/20231220104243716kbva.jpg
1061,"광명 여성새로일하기센터, 디딤돌취업지원사업 성과공유회 개최","취업률 71% 달성 “경력이음 인큐베이팅 역할 더욱 충실할 터” 
[더팩트｜광명=김동선 기자] 경기 광명시 여성새로일하기센터는 19일 2023년 디딤돌취업지원사업 성과공유회 ‘디딤돌 Start-up Jump up’을 개최했다고 20일 밝혔다.
           디딤돌취업지원사업은 취업과 창업을 희망하는 관내 경력단절 여성들로 구성된 동아리를 선발해 전문성 신장 교육과 강의 연계 창업과 협동조합 설립을 지원하는 사업으로, 올해 10개 동아리를 선정했으며, 90여 회원이 사업에 참여했다. 광명여성새로일하기 센터에 따르면 참여 여성 중 60명이 취업·창업에 성공해 약 71%의 취업률을 달성했으며, 협동조합 설립 5건, 개인 창업 1건의 성과를 거뒀다. 또한 유료강의 1590건, 재능기부 655건, 행사 및 전시 참여 62건과 광명시 유관기관 및 지역사회 기관 81개소에 전문 강사진을 연계했다. 시 관계자는 ""광명시와 경기도가 지원하는 디딤돌취업지원사업을 통해 여성들의 능력과 역량을 키우고, 사회활동으로 연계될 수 있도록 노력하겠다""며 ""앞으로 경력이음 인큐베이팅 기관으로서 역할을 더욱 충실히 하겠다""고 밝혔다. 광명여성새로일하기센터는 여성가족부 지정 여성직업훈련 및 취업지원기관으로 여성들의 직업훈련과 집단상담, 구인·구직 알선 사업을 수행하고 있다. vv8300@tf.co.kr 발로 뛰는 더팩트는 24시간 여러분의 제보를 기다립니다.▶카카오톡: '더팩트제보' 검색▶이메일: jebo@tf.co.kr▶뉴스 홈페이지: http://talk.tf.co.kr/bbs/report/write ",society,https://v.daum.net/v/20231220104242468,https://img1.daumcdn.net/thumb/R658x0.q70/?fname=https://t1.daumcdn.net/news/202312/20/THEFACT/20231220104245148cjsl.jpg
1062,"대전대덕 비래한신휴플러스, 2023년 전국 공동주택 '최우수'","[아이뉴스24 박희석 기자] 대전 대덕구 비래한신휴플러스아파트와 유성구 한빛아파트가 20일 국토교통부 주관 2023년 전국 공동주택 최우수와 우수 관리 단지로 선정됐다. 국토부는 쾌적한 주거환경을 조성하고 공동체 문화를 활성화하기 위해 2010년부터 매년 ‘공동주택 우수관리단지’를 선정해 시상해 오고 있으며 올해로 14회째를 맞았다. 대전은 2010년부터 서구 갈마동 큰마을아파트를 시작으로 전국 우수관리단지에 선정되기 시작했다. 2016년 초록마을2단지아파트, 2022년에는 도안베르디움아파트가 전국 최우수관리단지로 선정된바 있다. 이번 비래한신휴플러스 아파트 ‘최우수’선정으로 대전시는 2회 연속 최우수 선정과 함께 전국 최다(3회) 선정의 쾌거를 이뤘다. 올해 9월 대전시 모범관리단지로 선정된 비래한신휴플러스아파트와(644세대) 한빛아파트(3144세대)는 전국 우수관리단지 후보로 추천돼 국토부로부터 △일반관리 △시설안전 및 유지관리 △공동체 활성화 △재활용 및 에너지절약 등 4개 분야 18개 평가 항목에 대한 서류 및 현장평가를 거쳐 선정됐다. 특히 이번 평가에서 최고점을 받아 최우수 단지로 선정된 대덕구비래한신휴플러스아파트는 주민화합 행사 및 고령 친화 프로그램을 운영해 입주민들과 소통 상생하는 공동체 활동이 매우 우수하고 특히 입주민을 위한 취미 및 강좌 활동 등 전반적인 주민 참여 활동이 모범적 사례로서 높은 평가를 받았다. 박필우 대전시 도시주택국장은 “앞으로도 공동주택 우수 관리 사례를 적극 발굴하고 전파해 입주민들의 주거 만족도와 삶의 질을 높이고 공동체 문화가 지속해서 확산할 수 있도록 다양한 지원 정책을 발굴해 나갈 것”이라고 전했다. 한편 시상식은 12월 중 국토교통부에서 개최될 예정이며 최우수·우수 관리단지로 선정된 아파트에는 국토부 장관 우수단지 증서·동판이 수여될 예정이다. /대전=박희석 기자(news26@inews24.com) ",society,https://v.daum.net/v/20231220104235464,https://img2.daumcdn.net/thumb/R658x0.q70/?fname=https://t1.daumcdn.net/news/202312/20/inews24/20231220104236130ycyu.jpg
1063,대전TP ‘2023년 혁신인의 날’ 첫 개최,"[아이뉴스24 박희석 기자] 대전테크노파크는 지난 18일 대전의 미래 먹거리 발굴을 통해 미래 수요에 선제적으로 대응하고 신산업 육성기반을 마련하고자 ‘2023년 혁신인의 날’을 개최했다. 올해 처음으로 개최된 ‘2023년 혁신인의 날’은 직원들의 자발적 참여로 미래 먹거리 발굴을 위한 신규사업을 제안하는 전 임직원 소통의 장으로 4대 핵심 전략산업 등 전체 산업 분야에 대한 23건의 제안발표가 진행됐다. 대전TP는 총 23건의 신규사업 제안에 대해 적정성, 경제성, 창의성, 실현가능성 등을 평가해 조직의 미래 먹거리 발굴에 기여한 직원을 ‘2023년 혁신인’으로 선정하고 포상할 계획이다. 김우연 대전TP 원장은 “전사적 조직쇄신을 통해 변화된 조직으로 탈바꿈하고, 위기변화에 선제적으로 대응할 수 있도록 철저히 대비하겠다”며 “민선 8기 4대 핵심 전략산업 집중육성뿐만 아니라 지역산업 성장한계 극복을 위해 중소기업 혁신성장에 기반한 지역주도 미래 신산업 발굴에도 집중하는 대전TP가 될 것”이라고 말했다. /대전=박희석 기자(news26@inews24.com) ",society,https://v.daum.net/v/20231220104233461,https://img4.daumcdn.net/thumb/R658x0.q70/?fname=https://t1.daumcdn.net/news/202312/20/inews24/20231220104234574tgyw.jpg
1064,"정신질환 앓는 아동·청소년 증가세…""종합 대책 세워야""","(대구=연합뉴스) 박세진 기자 = 정신질환을 앓는 아동·청소년이 늘어나고 있다는 통계 분석 결과가 나왔다. 20일 대구지역 비영리 민간 단체 '행복한가족만들기연구소(이하 연구소)'에 따르면 2018∼2022년 주요 정신질환으로 병의원 진료를 받은 전국의 아동(0∼9세)과 청소년(10∼19세) 수는 증가하는 추세다. 아동의 경우 2018년 6만3천405명, 2019년 6만9천747명, 2020년 6만9천198명, 2021년 8만5천625명, 2022년 9만4천286명으로 나타났다. 청소년은 2018년 14만8천119명, 2019년 16만507명, 2020년 15만9천739명, 2021년 18만7천268명, 2022년 22만1천455명으로 파악됐다. 연구소는 건강보험심사평가원에 정보공개 청구를 해 이러한 통계 자료를 확보했다.  연구소는 영유아기 자녀들이 주 양육자와 애착 형성이 불충분하고 부적절할 경우 정신질환을 앓을 확률이 높다고 분석했다. 또 이상동기 범죄, 은둔형 외톨이, 왕따 등의 문제가 만연해지고 있는 점도 영향을 준 것으로 분석했다. 연구소는 현대정신분석이론과 애착 이론을 근거로 아이는 최소 생후 만 36개월까지 만이라도 주 양육자로부터 충분한 돌봄을 받아 안정적인 애착이 형성될 수 있어야 한다고 강조했다. 그러면서 최근 부모가 자녀의 양육과정에 대한 지식이 부족해지고 양육 기피 현상까지 나타나고 있는 점 등을 지적했다. 송유미 연구소 소장(대구사이버대학교 사회복지상담학과 교수)은 ""아이들의 정신질환 문제는 부모의 양육 문제에서 기인하기 때문에 정부 차원에서 종합적인 대책을 세워야 한다""고 말했다. psjpsj@yna.co.kr ▶제보는 카톡 okjebo ",society,https://v.daum.net/v/20231220104223455,https://img1.daumcdn.net/thumb/R658x0.q70/?fname=https://t1.daumcdn.net/news/202312/20/yonhap/20231220104223142djxu.jpg
1065,"올 봄 ‘역대급 가뭄’ 전남, 전국 최초 농업용수 통합관리시스템 개발","
           역대급 가뭄으로 시름 앓았던 전남도가 전국 최초로 농업용수 저수량을 실시간으로 확인할 수 있는 통합관리시스템을 개발했다.
           전남도는 20일 “시군과 한국농어촌공사에서 관리하는 농업용 저수지의 저수율을 한눈에 확인하고 가뭄과 집중호우에 신속 대처하기 위해 ‘전남도 농업용수 통합관리시스템’을 전국 최초로 개발했다”고 밝혔다. 전남도는 시군과 한국농어촌공사에서 설치한 저수지 수위 측정장치가 설치 업체별로 관리 시스템이 달라 활용에 어려움을 겪었고 지난해부터 이를 일원화하기 위한 시스템 개발에 착수했다. 전남지역은 지난해 말부터 올해 4월쯤까지 계속된 가뭄으로 주요 상수원인 주암댐 저수율이 20~30%에 그쳤고 농업용 저수지도 메말라 농업용수 부족에 시달려야 했다. 지난 3월 전국 농업용수 저수지 현황을 살펴보면 전남(54.7%)의 저수율은 제주(49.6%)에 이은 최하위권을 기록했었다. 전남도가 개발한 농업용수 관리시스템은 도내 3208개소 농업용 저수지 중 수위 측정장치가 설치된 903개소 저수지의 수위를 10분 단위로 확인할 수 있다. 또 저수지 소재지별 강우량, 농업용수를 공급하는 영산강 수계 주요 지점별 수위도 실시간 확인할 수 있다. 수위 측정장치가 설치되지 않은 2305개소 저수지도 시군 및 한국농어촌공사에서 현장 계측을 통해 시스템에 입력하는 방식으로 관리되기 때문에 도내 저수지 전체 수위를 감시할 수 있다. 전남도는 미설치 저수지에 대해 수위 측정장치를 계속 설치해 현장 계측 없이도 저수율을 원격으로 확인할 방침이다. 윤재광 전남도 농업정책과장은 “전국 최초로 개발한 농업용수 통합관리시스템은 농업 분야 디지털 대전환의 대표적인 사례로 평가될 수 있을 것”이라며 “최근 이상기후로 인한 국지성 집중호우, 반세기 만에 찾아온 가뭄 등 재해에 선제 대응이 가능할 것으로 전망된다”고 말했다. ",society,https://v.daum.net/v/20231220104211450,https://img3.daumcdn.net/thumb/R658x0.q70/?fname=https://t1.daumcdn.net/news/202312/20/mk/20231220104212412ykgq.jpg
1066,"올 봄 ‘역대급 가뭄’ 전남, 전국 최초 농업용수 통합관리시스템 개발","
           역대급 가뭄으로 시름 앓았던 전남도가 전국 최초로 농업용수 저수량을 실시간으로 확인할 수 있는 통합관리시스템을 개발했다.
           전남도는 20일 “시군과 한국농어촌공사에서 관리하는 농업용 저수지의 저수율을 한눈에 확인하고 가뭄과 집중호우에 신속 대처하기 위해 ‘전남도 농업용수 통합관리시스템’을 전국 최초로 개발했다”고 밝혔다. 전남도는 시군과 한국농어촌공사에서 설치한 저수지 수위 측정장치가 설치 업체별로 관리 시스템이 달라 활용에 어려움을 겪었고 지난해부터 이를 일원화하기 위한 시스템 개발에 착수했다. 전남지역은 지난해 말부터 올해 4월쯤까지 계속된 가뭄으로 주요 상수원인 주암댐 저수율이 20~30%에 그쳤고 농업용 저수지도 메말라 농업용수 부족에 시달려야 했다. 지난 3월 전국 농업용수 저수지 현황을 살펴보면 전남(54.7%)의 저수율은 제주(49.6%)에 이은 최하위권을 기록했었다. 전남도가 개발한 농업용수 관리시스템은 도내 3208개소 농업용 저수지 중 수위 측정장치가 설치된 903개소 저수지의 수위를 10분 단위로 확인할 수 있다. 또 저수지 소재지별 강우량, 농업용수를 공급하는 영산강 수계 주요 지점별 수위도 실시간 확인할 수 있다. 수위 측정장치가 설치되지 않은 2305개소 저수지도 시군 및 한국농어촌공사에서 현장 계측을 통해 시스템에 입력하는 방식으로 관리되기 때문에 도내 저수지 전체 수위를 감시할 수 있다. 전남도는 미설치 저수지에 대해 수위 측정장치를 계속 설치해 현장 계측 없이도 저수율을 원격으로 확인할 방침이다. 윤재광 전남도 농업정책과장은 “전국 최초로 개발한 농업용수 통합관리시스템은 농업 분야 디지털 대전환의 대표적인 사례로 평가될 수 있을 것”이라며 “최근 이상기후로 인한 국지성 집중호우, 반세기 만에 찾아온 가뭄 등 재해에 선제 대응이 가능할 것으로 전망된다”고 말했다. ",society,https://v.daum.net/v/20231220104211450,https://img2.daumcdn.net/thumb/R658x0.q70/?fname=https://t1.daumcdn.net/news/202312/20/mk/20231220104212412ykgq.jpg
1067,"한국세라믹기술원, 영국·독일과 고온수전해 기술 고도화 협력","한국세라믹기술원(원장 정연길)은 영국 세인트앤드류스대학교 수소가속화사업단, 독일 프라운호퍼 세라믹전문연구소와 협력해 고온수전해 기초기술 고도화를 추진한다고 20일 밝혔다. 3개 기관은 지난 11일 영국 스코틀랜드 세인트앤드류스대에서 '한국세라믹기술원-세인트앤드류스대-프라운호퍼 세라믹전문연구소 3자 업무협약'을 체결했다. '한국-유럽 고효율 수소 및 저탄소 디지털 전환 국제공동연구 조성사업'의 일환이다. '고온수전해(SOEC : Solid Oxide Electrolysis Cell )'는 세라믹 부품·소재를 이용해 고온에서 수증기를 전기분해하는 고효율 차세대 수전해(물 전기분해) 기술이다. 세라믹기술원은 LSGM(페로브스카이트 결정 구조의 산소이온 전도성 세라믹 전해질 소재) 기반 고성능 고온수전해 원천기술을 보유하고 있다. 세인트앤드류스대는 1413년에 설립된 연구중심 대학이자 영국 최상위권 종합대학이다. 프라운호퍼 세라믹전문연구소는 독일 최대 연구소그룹 프라운호퍼연구협회 소속의 유럽 최대 세라믹 전문 연구소다. 정연길 원장은 “고효율 고온 수소 생산 핵심소재와 고온수전해 기술 고도화를 위한 국제협력”이라며 “우리나라 고온수전해 기술을 세계에 알리고 고온수전해 기술 고도화와 사업화에 선도적 역할을 해 나가겠다”고 말했다. 진주=임동식기자 dslim@etnews.com ",society,https://v.daum.net/v/20231220104208445,https://img1.daumcdn.net/thumb/R658x0.q70/?fname=https://t1.daumcdn.net/news/202312/20/etimesi/20231220104209952yghp.jpg
1068,'임실N치즈축제' 8년 연속 문체부 문화관광축제 선정,"문화체육관광부는 임실N치즈축제를 포함한 전국 25개 대표 축제를 2024~2025년도 문화관광축제로 최종 선정했다. 임실군은 임실N치즈축제가 문체부가 지정하는 2024~2025년도 문화관광축제에 선정, 8천만 원의 국비 지원와 함께 문화관광축제 명칭을 사용하고 축제 콘텐츠 개발과 홍보마케팅 지원 등을 받게 됐다. 올해 9번째 개최된 임실N치즈축제는 2018년 문화관광 유망축제, 2019년 문화관광 우수축제, 2020~2023년도 문화관광축제에 이어 8년 연속 문화관광축제로 선정됐다. 심민 임실군수는 ""임실N치즈축제가 지역주민들의 적극적인 참여에 힘입어 8년 연속 문화관광축제로 선정되는 영예를 안았다""며 ""내년 축제에도 주민들이 적극 참여해 축제의 주인공이 되고 새롭고 차별화된 프로그램을 많이 선보이는 데 힘쓰겠다""고 말했다. 
※CBS노컷뉴스는 여러분의 제보로 함께 세상을 바꿉니다. 각종 비리와 부당대우, 사건사고와 미담 등 모든 얘깃거리를 알려주세요.

이메일 :jebo@cbs.co.kr
카카오톡 :@노컷뉴스
사이트 :https://url.kr/b71afn

 전북CBS 남승현 기자 nsh@cbs.co.kr ▶ 기자와 카톡 채팅하기▶ 노컷뉴스 영상 구독하기  ",society,https://v.daum.net/v/20231220104207441,https://img2.daumcdn.net/thumb/R658x0.q70/?fname=https://t1.daumcdn.net/news/202312/20/nocut/20231220104208794kvvv.jpg
1069,세계 최초 5채널 수신시스템 KVN 4호 고주파 첫 신호 검출 성공,"한국우주전파관측망(KVN) 4호기 서울대 평창 전파망원경(KVN 평창 전파망원경)이 고주파수 우주전파신호 가운데 가장 높은 주파수 대역 검출에 성공했다. 한국천문연구원은 서울대 평창캠퍼스에 건설 중인 KVN 평창 전파망원경의 첫 신호 검출에 성공하고, 내년부터 초대질량 블랙홀 관측에 직접 참여한다고 20일 밝혔다. KVN 평창 전파망원경은 기존 KVN 망원경의 관측 주파수 대역을 포함해 최고 270㎓에 이르는 고주파수 우주전파신호를 관측할 수 있는 세계 최초 5채널 수신시스템을 갖췄다. 앞서 10월 100㎓ 대역에서 오리온성운 일산화규소(SiO) 분자선을 성공적으로 검출한 데 이어, 가장 높은 주파수 대역인 230㎓ 대역에서도 첫 신호로 오리온성운 일산화탄소(CO) 분자선 검출에 성공했다. 2300㎓ 관측을 위해서는 전파망원경 주경면을 설계된 곡면과 일치하도록 정밀하게 구현하는 것이 핵심 기술인데, 이에 필요한 주요 정밀 부품을 순수 국내 기술로 제작하고 설치했다. KVN은 2009년 완공된 이후 KVN 단독 관측을 비롯해 한일 초장거리간섭계(VLBI) 관측망, 동아시아 VLBI 관측망, 유럽 VLBI 관측망, 국제 밀리미터 VLBI 관측망 등 전 세계 전파망원경들과 활발한 국제 공동 관측 및 국제협력 연구를 수행해왔다. 최근에는 사상 최초 M87 블랙홀 관측과 우리은하 중심 궁수자리 블랙홀 관측에 기여했다. 천문연이 독자 개발한 KVN 다주파수 동시 관측 수신시스템은 현재 전 세계 여러 전파망원경에 도입돼 국제 표준으로 자리 잡고 있다. 지난해에는 이탈리아 국립천체물리연구소에 3기를 수출했으며, 사건지평선망원경(EHT)을 비롯해 차세대 블랙홀 관측을 위한 거대 국제 공동연구 프로젝트인 차세대 EHT 프로젝트(ngEHT)의 핵심 관측 시스템으로 채택됐다. ngEHT 프로젝트는 기존 EHT 전파망원경을 확장하고 성능을 향상해 초대질량 블랙홀의 동영상 촬영을 비롯, 블랙홀과 그 주변 환경에 대한 깊은 이해를 목표로 한다. KVN 평창 전파망원경은 내년 상반기 시범운영을 거쳐 하반기부터 본격적인 관측 운영을 시작할 예정이다. 천문연은 KVN 전파망원경이 3기에서 4기로 늘어나면 천체 관측 영상 성능이 2배 이상 향상돼 우주 초미세구조 연구에 크게 기여할 것으로 기대하고 있다. 김기태 천문연 전파천문본부장은 “평창 전파망원경 건설로 동아시아 및 국제 밀리미터 VLBI 관측망에서 KVN의 위상이 더 높아지고, EHT 관련 국제협력에서 한국 연구팀의 역할이 더 중요해질 것”이라고 말했다. 이인희 기자 leeih@etnews.com ",society,https://v.daum.net/v/20231220104206440,https://img4.daumcdn.net/thumb/R658x0.q70/?fname=https://t1.daumcdn.net/news/202312/20/etimesi/20231220104207932tyvv.jpg
1070,"하이브·뉴진스, 서울관광대상 받는다","

서울특별시관광협회, 20일 관광인의날박정록 협회장 “서울관광 재도약 다짐”

 
           방탄소년단(BTS) 소속사인 하이브와 K-팝 대표 걸그룹 뉴진스가 서울관광 대상을 받는다.
           서울특별시관광협회는 20일 웨스틴 조선호텔 그랜드볼룸에서 5회째 맞는 ‘2023 서울 관광인의 날’ 행사를 개최하고, 서울관광 발전에 기여한 공로자 20명(서울시장 표창 12명, 서울시의회 의장 표창 4명, 기관 특별 공로상 4명)에게 ‘서울관광대상’을 수여한다. 2019년 서울관광인의 날 제정과 서울관광대상 수상제도 도입 이후, 서울시·관광재단·서울시관광협회 3기관 공동 주최로 진행되던 행사는 5회째인 이번 ‘서울 관광인의날 및 서울관광대상’부터 민간을 대표하는 협회가 최초로 단독 주최 및 주관으로 바뀌어 의미를 더한다. 하이브(HYBE)는 서울관광매력대상 관광홍보, 뉴진스(New Jeans)는 서울관광한류스타대상에 각각 이름을 올렸다. 방탄소년단(BTS)는 서울관광 홍보대사를 7년째 이어오고 있다. 군 입대전에까지 리더 RM 뷔 등이 직접 나서 한국관광공사 홍보영상을 촬영하는 열정을 보인 공로다. 올해 서울관광대상 시상분야는 서울시장 표창 외에 관광인들을 격려하고 동기부여 차원에서 서울시의회 의장 표창이 확대 신설된 게 눈에 띈다. 서울관광재단(대표이사 길기연, 이하 재단)과 서울특별시관광협회(회장권한대행 박정록, 이하 협회)가 선정한 기관 특별 공로상도 별도 시상한다. 5회째를 맞아 서울관광 발전에 기여한 국내·외 개인, 기업, 단체·기관으로 수상자 범위를 확대한 것도 특징이다. 서울시장 표창은 △관광업계△관광홍보△관광지원 총 3개 부문 12개 분야에 걸쳐 이뤄진다. 서울시의회 의장 표창 4명, 기관 특별 공로상 4명으로 한정, 종합적으로 고려해 공적을 심의하는 등 다양한 관광 업계의 수상자를 발굴하고자 힘썼다는 설명이다. 올해 수상자는 서울시장표창 관광업계 부문에 서울 관광 미래 비전을 이끄는 주역으로는 △3·3·7·7서울관광대상 트래블디퍼런트 △서울관광리더십대상 드림관광 위도량 대표 △서울관광서비스대상(2명) 서울시관광협회 박인나 관광통역안내사, 한국컨시어지협회 이승준 회장 △서울관광혁신대상 무빙트립 △서울관광마이스대상 모션투어&DMC △서울관광매력대상 하이브(HYBE) 등이 관광홍보 부문에 △서울관광미디어대상 엠비씨플러스(프로그램명 어서와 한국은 처음이지) △서울관광한류스타대상 뉴진스(New Jeans) △서울관광캐릭터대상 더핑크퐁컴퍼니(주), 관광지원 부문에 △서울관광동행대상 현대해양레저(주) △서울관광협력대상 트립닷컴 등이다. 서울시의회 의장 표창에 단체의 경우 (주)디비투어, 호텔 HDC(주) 파크하얏트 서울이, 개인은 솔리스 커뮤니케이션 이은진 대표와 세계여행신문사 류동근 국장이 수상한다. 기관 특별 공로상의 경우, 관광재단에서 미미국제여행사 악보기 대표와 코엔씨 김용진 대표가, 협회에서 서울시의회 송경택 의원과 한양대학교 이훈 교수가 각각 수상한다. 서울특별시관광협회 박정록 회장 권한대행은 환영사를 통해 “올 한해는 지난 3년동안 황폐화된 관광 생태계 복원과 시장 회복에 총력을 기울였던, 어느 때보다도 사활을 걸어야 했던 막중한 시기였다”며 “관광인 모두가 함께 힘을 합쳐 관광산업의 조속한 회복을 위해 열심히 임하고 있는 만큼, 이 자리에서 서울관광의 재도약을 다짐하고자 한다”는 포부를 밝혔다. 신익수 여행전문기자 ",society,https://v.daum.net/v/20231220104205438,https://img2.daumcdn.net/thumb/R658x0.q70/?fname=https://t1.daumcdn.net/news/202312/20/mk/20231220104207023qypm.jpg
1071,구미 차병원에 대구 경북 최초 ‘장애 친화 산부인과’,"
           구미차병원에 대구경북지역 최초로 여성 장애인을 위한 ‘장애친화 산부인과’가 문을 열고 운영을 시작했다.
           20일 경북도에 따르면 구미차병원 장애친화 산부인과는 산부인과 전문의 4명과 간호사 26명, 전담 코디네이터 1명 등 40명의 인력으로 운영된다. 장애친화 산부인과는 여성 장애인이 안전하고 편리하게 임신·출산서비스와 여성질환 관리를 받을 수 있도록 편의시설과 장애친화 장비를 갖추고 있다. 이동지원과 수어통역 등 의사소통 편의도 제공한다. 또 지역장애인보건의료센터와 보건소 등 지역 장애인 보건의료기관과 협력해 여성 장애인에게 맞춤형 건강관리도 지원한다. 현재 전국에 운영 중인 장애친화 산부인과는 서울대병원, 울산대병원, 인제대부산백병원, 전북 예수병원, 국민건강보험공단 일산병원, 전남대병원, 건국대 충주병원을 비롯해 구미차병원까지 모두 8곳이다. 문태경 경북도 장애인복지과장은 “구미차병원 장애친화 산부인과 개소로 지역 여성 장애인이 편안하게 산부인과 진료를 받을 수 있게 되기를 기대한다”며 “많은 여성 장애인이 안전하고 편리하게 양질의 의료서비스를 받을 수 있도록 경북도가 적극적으로 지원하겠다”고 밝혔다. ",society,https://v.daum.net/v/20231220104204433,https://img2.daumcdn.net/thumb/R658x0.q70/?fname=https://t1.daumcdn.net/news/202312/20/mk/20231220104205395napk.jpg
1072,"강원도, 인구감소지역 외국인 인재 확보···맞춤형 지역 특화 비자 사업 추진","
            [서울경제] 
           강원특별자치도가 인구감소지역의 외국인 지역 인재 확보와 국가 균형발전을 도모하기 위한 지역 특화형 비자 사업을 추진한다. 도는 내년 1월 이런 내용을 담은 계획을 법무부에 제출한다는 계획이다.
 이 사업은 법무부가 지난해부터 인구 감소 지역을 대상으로 시범적으로 실시한 사업으로, 법무부와 지자체가 연계 방안을 마련해 정확한 비자 수요를 반영한 맞춤형 정책이다. 행정안전부가 지정한 89개 지역으로, 도내 태백·삼척·홍천 등 12개 시·군이 포함됐다. 이번 추천 대상 사업유형에는 외국인 유학생 등 일정 자격을 갖춘 지역 외국인에게 인구 감소 지역에 취·창업하는 조건으로 거주(F-2)하게 하는 ‘지역우수인재’ 유형과 이들의 배우자·미성년자녀 초청 및 배우자 취·창업을 가능하게 하는 ‘외국국적동포’ 유형이 있다.  특히 시·군에서의 수요를 바탕으로 도의 사업계획서 제출시 쿼터(지역 할당인원)가 결정됨에 따라 향후 쿼터 현황을 고려해 법무부에 적격자가 추천되도록 할 예정이다.  지역우수인재 유형은 F-2 비자로 전환하게 되면 취득 후 인구감소지역 실거주와 근무를 통해 장기간 체류가 가능하고, 가족 초청 및 배우자 취·창업이 가능하다.  
외국국적동포 유형은 지역특화동포(F-4-R)와 가족들이 자격취득 후 4년이상 계속 거주 시 영주 신청자격 요건을 갖출 수 있다. 김권종 강원도 균형발전과장은 “주민과 조화를 이룰 수 있는 외국인이 인구감소지역에 정착할 수 있도록 하고, 외국인 주민 유입으로 지역 생산과 소비 활성화의 선순환 구조를 구축해 지역 경제에 활력을 불어 넣을 것으로 기대한다”고 말했다. 춘천=이경환 기자 lkh@sedaily.com
           ",society,https://v.daum.net/v/20231220104204432,https://img1.daumcdn.net/thumb/R658x0.q70/?fname=https://t1.daumcdn.net/news/202312/20/seouleconomy/20231220104206644pacz.jpg
1073,"""최소한 기본권 위해"" 장애인단체, 24시간 활동지원 보장 촉구","부산지역 장애인 단체가 부산시의 최중증 장애인에 대한 24시간 활동지원서비스 방침 변경으로 일부가 지원받지 못할 위기에 처했다며 거세게 반발하고 나섰다. 부산장애인자립생활센터총연합회는 19일 오후 2시 부산시청 앞에서 기자회견을 열고 부산시에 24시간 활동지원서비스 예산 확보를 요구했다. 이들은 ""해당 활동지원서비스는 최중증 장애인들이 자립생활과 최소한의 기본권을 유지하며 살아갈 수 있도록 하는 발판""이라며 ""부산시는 돌봄 사각지대 최소화를 위해 24시간 지원을 확대하겠다 한 약속을 지켜야 한다""고 주장했다. 부산시는 장애 정도와 환경 등에 따라 하루 최대 24시간, 월 최대 720시간 활동 보조인을 지원받을 수 있는 '장애인 활동지원서비스'를 운영하고 있다. 현재 부산에 거주하는 최중증 장애인 29명이 해당 서비스의 하루 최대인 24시간 동안 지원을 받고 있다. 이 단체에 따르면 최근 부산시는 새로운 활동지원 배점표와 산정기준을 적용한다며 일부 대상자들에 내년부터 24시간 지원이 어려울 수 있다고 통보했다. 이들은 ""최중증 장애인들은 활동지원사 도움 없이 혼자 밥을 먹거나 씻는 것도 불가능한 상황이다. 일상생활과 사회활동을 유지하기 위해선 해당 서비스가 절실히 필요하다""며 ""부산시는 24시간 활동지원 예산을 증액하고 기존 대상자에게 서비스를 보장해달라""고 호소했다. 
※CBS노컷뉴스는 여러분의 제보로 함께 세상을 바꿉니다. 각종 비리와 부당대우, 사건사고와 미담 등 모든 얘깃거리를 알려주세요.

이메일 :jebo@cbs.co.kr
카카오톡 :@노컷뉴스
사이트 :https://url.kr/b71afn

 부산CBS 정혜린 기자 rinporter@cbs.co.kr ▶ 기자와 카톡 채팅하기▶ 노컷뉴스 영상 구독하기  ",society,https://v.daum.net/v/20231220104203429,https://img1.daumcdn.net/thumb/R658x0.q70/?fname=https://t1.daumcdn.net/news/202312/20/nocut/20231220104205978tltd.jpg
1074,"양평군, 국가유공자 예우정책 추진 '보훈문화상' 수상","
경기 양평군이 19일 서울 국립대한민국임시정부기념관에서 열린 보훈문화상 시상식에서 국가유공자 예우정책 추진 성과를 인정받아 지방자치단체 부문 보훈문화상을 수상했다.
           국가보훈부는 2000년부터 보훈문화 확산을 위해 노력한 개인, 기관, 단체를 선정해 보훈문화상을 수여하고 있다.  양평군은 지난 2014년 전국 처음으로 참전유공자 미망인 복지수당 신설한데 이어 2017년 참전명예수당 확대(월 5만원), 올해는 보훈명예수당(7만원→10만원)을 인상하는 등 국가유공자 예우정책을 추진 중이다. 특히 호국보훈의 뜻이 지역사회와 후세에 전달될 수 있도록 지평리전투기념관, 몽양여운형 생가와 기념관도 운영 중에 있다. 또 지평리전투 전승행사, 몽양탄신기념 기획전시, 나라사랑 태극기 그리기 행사와 같은 애국심을 높이기 위한 다양한 주민참여형 프로그램도 운영 중이다. 전진선 양평군수는 ""국가와 국민을 위해 희생하신 분들에 대한 예우와 보훈문화를 확산하는 일은 우리의 책무""라며 ""국가유공자가 합당한 자긍심을 가질 수 있는 보훈정책 실현을 위해 노력하겠다""고 말했다.  양평=고상규 기자 sskk6623@kukinews.com ",society,https://v.daum.net/v/20231220104202427,https://img1.daumcdn.net/thumb/R658x0.q70/?fname=https://t1.daumcdn.net/news/202312/20/kukinews/20231220104203543hhcx.jpg
1075,"이민옥 서울시의원 발의, ‘강소기업 육성 및 지원 조례’ 개정안 상임위 원안 통과","이민옥 서울시의원(더불어민주당·성동3)이 대표발의한 ‘강소기업 육성 및 지원 조례’ 일부개정안이 지난 19일 소관 상임위원회인 기획경제위원회 심사에서 원안대로 가결됐다. 이 의원은 “그동안 강소기업을 선정할 때만 선정기준이나 방법, 지원 내용 등을 공개할 뿐 취소 시에는 그러한 원칙이 적용되지 않아 잘못된 정보가 전달될 우려가 있었다”라며 “이번 조례 개정은 선정 취소 시에도 그 이유를 정확히 고시토록 해 강소기업에 대한 정확한 정보를 시민들에게 전달하고자 하기 위한 것”이라고 설명했다. 또한 “이번 조례 개정을 통해 ‘우수한 청년 인재의 중소기업 유입 촉진과 기업 경쟁력 강화’라는 강소기업 지정의 본래 취지에 걸맞은 선정과 관리가 이뤄지길 바란다”라며 “서울시 정책 투명성 확보를 위해 관련 조례 제·개정 사항을 발굴하는 노력을 지속하겠다”라고 다짐했다. 이번 개정안에는 강소기업 선정 취소 시 취소가 최종 확정된 날로부터 7일 이내에 그 사실과 사유 등을 시보 또는 시 홈페이지에 20일 이상 공고하도록 하는 내용이 담겨 있으며, 오는 22일 개최될 예정인 제321회 정례회 제6차 본회의 최종 의결을 거쳐 공포될 전망이다. 온라인뉴스팀 ",society,https://v.daum.net/v/20231220104201426,https://img2.daumcdn.net/thumb/R658x0.q70/?fname=https://t1.daumcdn.net/news/202312/20/seoul/20231220104203158cjek.jpg
1076,"대전시의회 복환위, 일본 후쿠오카 생활체육시설 시찰","[아이뉴스24 박희석 기자] 공무국외출장 중인 대전시의회 복지환경위원회(위원장 민경배)가 19일 일본의 체육시설들을 시찰하고 선진 운영 기법을 청취했다. 대전시의회 이상래 의장과 민경배 위원장을 비롯한 박종선 의원, 이금선 의원, 이상태 시설관리공단 이사장은 후쿠오카 현립 종합수영장을 방문해 츠루 히데키 관장으로부터 수영장 시설과 프로그램 운영 현황을 청취하고 시설을 둘러봤다. 후쿠오카 현립 종합수영장은 50m 경영풀과 25m 길이의 보조풀 각 8레인과 1800㎡ 규모의 스케이트장을 보유하고 있는 종합체육시설로 지역민들에게 다양한 여가활동 서비스를 제공하고 있다. 출장단은 이어 츠키구마 파크골프장을 방문해 휴식공간, 회의실, 각종 편의시설을 갖추고 있는 클럽하우스 내부 시설과 18홀 규모의 정규 골프장 수준으로 관리되고 있는 경기장을 시찰했다. 출장단 대표 민경배 위원장은 ""생활체육시설 기반 마련은 시민의 건강증진과 여가활용을 위해 중요한 부분이다""면서 ""선진 생활체육시설의 효율적인 관리와 운영 비결을 배워 대전시민에게 현대적이고 안전한 체육시설 공간을 제공하는데 앞장서겠다""는 뜻을 밝혔다. /대전=박희석 기자(news26@inews24.com) ",society,https://v.daum.net/v/20231220104157421,https://img1.daumcdn.net/thumb/R658x0.q70/?fname=https://t1.daumcdn.net/news/202312/20/inews24/20231220104158876svdj.jpg
1077,"광주은행 ""'자립준비청년' 홀로서기를 응원합니다""","
           광주은행은 최근 굿네이버스 광주전남지역본부에서 자립준비청년들을 위한 의료용품 키트를 전달했다고 20일 밝혔다.
           구급용품 및 영양제로 구성된 의료용품 키트는 광주자립지원전담기관을 통해 통합사례관리대상 자립준비청년 중 120명을 선정해 전달했다. 더불어 경제적 어려움으로 질병 치료가 어려운 자립준비청년에게 최대 200만원 금액 내에 긴급의료비를 지원하고 있다. 광주은행은 앞서 올해 하반기부터 홀로서기를 시작하는 자립준비청년들의 안정적인 자립과 정착을 위해 월세 지원 및 금융교육을 제공하고 있으며, 임직원들과의 멘토링 프로그램을 통해 원활한 네트워크 형성 방법 등을 전수하며 정서적 지원에도 나서고 있다. 자립준비청년(보호종료아동)'은 아동양육시설, 공동생활가정, 가정위탁 등의 보호를 받다가 만 18세 이후 보호가 종료돼 홀로서기에 나서는 청년을 말한다. 고병일 광주은행장은 ""앞으로도 광주은행은 자립준비청년들의 자립역량을 강화할 수 있도록 다양한 방면으로 지원을 아끼지 않겠다""며, ""어려움을 겪고 있는 지역소외계층에게 희망과 용기를 전하는 사회공헌활동을 지속적으로 펼쳐 지역 대표은행으로서의 역할에 최선을 다하겠다""고 말했다.  광주=이재호 기자 jaeho5259@mt.co.kr<저작권자 ⓒ '성공을 꿈꾸는 사람들의 경제 뉴스' 머니S, 무단전재 및 재배포 금지> ",society,https://v.daum.net/v/20231220104155419,https://img1.daumcdn.net/thumb/R658x0.q70/?fname=https://t1.daumcdn.net/news/202312/20/moneyweek/20231220104157061tmwg.jpg
1078,"""장기간 복용한 양성자펌프 억제제, 위장관암 위험성 높인다""","위식도 역류질환과 위십이지장 궤양 치료에 쓰이는 위산분비 억제약인 양성자펌프 억제제(PPI)를 장기간 복용하면 위장관암의 위험성을 높인다는 연구 결과가 나왔다. 국립암센터는 국제암대학원대학교 명승권 교수가 2018년부터 2022년까지 국제학술지에 발표된 25건의 코호트 연구를 메타분석해 이 같은 결과를 확인했다고 20일 밝혔다. 위산분비 억제 약물인 PPI는 1989년 이후 역류성 식도염과 같은 위식도 역류질환과 위십이지장 궤양 등 위장관질환을 치료하는 데 가장 많이 처방되는 약물이다. 위산이 식도로 역류돼 가슴쓰림과 산 역류 증상을 초래하는 위식도 역류질환은 4~8주간 PPI를 복용하게 되는데, 비만, 과식, 흡연, 과도한 음주나 커피 섭취 등 생활 습관의 개선이 없으면 만성으로 발전해 장기간 복용하게 되는 경우가 많다. 명 교수는 주요 의학데이터베이스인 펍메드(PubMed)와 엠베이스(EMBASE)에서 문헌검색을 통해 최종적으로 선정된 25건의 코호트 연구결과를 종합해 메타분석을 시행했다. 분석 결과, PPI를 복용한 사람들은 복용하지 않은 사람들과 비교했을 때 위장관암의 위험성이 약 2배 높았다. 위장관암 중에는 대장암을 제외한 위암, 식도암, 췌장암, 간암, 담낭 및 담관암 등 대부분 위장관암의 위험성이 유의하게 높아지는 것으로 나타났다. 복용 기간이 1년 이하인 경우 위장관암의 위험성이 약 5배 높았고, 복용기간 3년까지 약 1.7배 높아지는 것으로 나타났다. 연구를 주도한 책임저자인 명 교수는 ""몇 년 전부터 PPI를 장기간 복용하는 경우 위암, 식도암 등 위장관암의 위험성이 높다는 코호트 연구결과가 나오기 시작했다""며 ""물론 유의한 관련성이 없다는 코호트 연구도 있어, 이번에 코호트 연구를 종합한 메타분석을 시행하게 됐다""고 전했다. PPI가 위장관암의 위험성을 높이는 생물학적 기전이 제기되고 있다는 게 명 교수의 설명이다. 그는 ""실험실 연구와 동물실험을 통해 PPI는 위와 십이지장에 존재하는 G세포를 자극해 가스트린이라는 호르몬의 분비를 증가시키고, 혈중 가스트린의 농도가 높아지면 위점막 세포에 존재하는 특정 수용체를 자극해 암 발생을 촉진할 수 있다""면서 ""위장관 내 세균집락 형성을 증가시켜 발암 가능 물질인 니트로스아민이 증가해 위장관암을 발생시킬 수 있다""고 설명했다. 다만 암이 먼저 발생한 상태에서 PPI를 복용해 역인과관계가 나타났을 가능성도 있다. 명 교수는 ""위장관암이 진단되지 않은 상태에서 가슴쓰림 등 위장증상이 나타났기 때문에 PPI를 복용했을 가능성도 있다""며 ""관찰연구인 코호트 연구보다 더 높은 근거 수준을 제공하는 무작위비교 임상시험을 통해 이번 결과를 확인해야 하지만, 윤리적인 문제로 임상시험을 시행하는 데 많은 제한점이 있다""고 부연했다. PPI 사용을 줄이기 위해 생활습관의 개선이 필요하다는 게 명 교수의 조언이다. 그는 ""현재로서는 PPI 사용을 줄이기 위해 위식도 역류질환의 원인이 되는 잘못된 생활습관(비만, 과식, 흡연, 과도한 음주나 커피섭취 등)을 개선하는 것이 중요하다""면서 이번 연구결과와 관련해 해당 전문학회에서 PPI 사용에 대한 논의가 필요할 것으로 생각한다""고 제언했다. 이번 연구는 베트남 출신의 국립암센터국제암대학원 대학원생 티엔 황 쩐(Tien Hoang Tran)이 제1 저자로, 명승권 교수가 교신저자로 참여해 종양학 SCIE 국제학술지인 ‘옹콜로지 레터즈(Oncology Letters)’에 지난달 20일 온라인 출판됐다. 이명환 기자 lifehwan@asiae.co.kr ",society,https://v.daum.net/v/20231220104154418,https://img2.daumcdn.net/thumb/R658x0.q70/?fname=https://t1.daumcdn.net/news/202312/20/akn/20231220104155563epue.jpg
1079,"수원시, 침수위험 4개 지하차도에 '비상대피 시설물' 설치","
           【파이낸셜뉴스 수원=장충식 기자】 경기도 수원시는 갑작스러운 지하차도 침수에 대비해 침수 위험도가 높은 4개 지하차도에 비상탈출용 핸드레일과 사다리를 설치했다고 20일 밝혔다. 
           이를 위해 시는 화산지하차도, 장안지하차도, 고색지하차도, 매여울지하차도 등 4개 지하차도에 비상탈출용 핸드레일(총길이 1520m)과 사다리(16개소)를 설치했다.  지하차도에 비상대피시설물을 설치한 지자체는 수원시가 처음이다.  예측할 수 없는 자연 재난으로 침수 사고가 발생하면 차량 운전자들은 지하차도 벽에 설치된 핸드레일을 잡고 이동해 가장 가까운 곳에 있는 비상 사다리를 타고 올라가 지하차도 밖으로 대피할 수 있다.  수원시는 또 내년 중에 세류·권선·호매실·대황교·정천 지하차도 등 5개 지하차도에 진입차단시설을 설치할 예정이다.  수원시는 지난 여름 지하차도 침수 사고로 인명피해가 발생해 불안해하는 시민들이 많아 이같이 조치했다.  수원시 관계자는 ""지하차도 안에서 예측할 수 없는 재난이 발생했을 때 시민들이 신속하게 대피하는 데 도움이 될 것""이라며 ""지하차도 비상대피시설물 설치가 전국으로 확대돼 국민의 안전을 지키는 데 도움이 되길 바란다""고 말했다. ",society,https://v.daum.net/v/20231220104151417,https://img3.daumcdn.net/thumb/R658x0.q70/?fname=https://t1.daumcdn.net/news/202312/20/fnnewsi/20231220104151312ltsd.png
1080,원주 천년 고성 해미산성…강원특별자치도 문화재로 지정된다,(원주=연합뉴스) 원주의 천년 고성(古城) 해미산성(금대산성)이 강원특별자치도 문화재로 지정될 것으로 보인다. 20일 원주시에 따르면 강원특별자치도 문화재위원회는 지난 7일 원주 해미산성의 문화재 지정 심의를 가결했다고 밝혔다. 사진은 해미산성. 2023.12.20 [원주시 제공.재판매 및 DB 금지] photo@yna.co.kr ▶제보는 카톡 okjebo ,society,https://v.daum.net/v/20231220104142409,https://img2.daumcdn.net/thumb/R658x0.q70/?fname=https://t1.daumcdn.net/news/202312/20/yonhap/20231220104142355qceh.jpg
1081,포항 모텔 화장실 환풍기서 불꽃·연기…투숙객 대피, [포항=뉴시스]안병철 기자 = 경북 포항 한 모텔에서 전기적 요인으로 추정되는 화재가 발생했다. 20일 포항북부소방서에 따르면 이날 오전 0시 21분께 포항시 북구 장성동 한 모텔 객실에서 불이 나 투숙객이 대피했다. 최초 신고자인 투숙객은 화장실 불을 켜놓고 자던 중 화장실 환풍기에서 불꽃과 연기가 발생했다고 진술했다. 이 화재로 인명피해는 발생하지 않았다. 불은 모텔 관계인이 샤워기와 수건 등으로 자체 진화했다. 소방과 경찰은 전기적 요인으로 추정하고 정확한 화재 원인을 조사하고 있다. ☞공감언론 뉴시스 abc1571@newsis.com  ,society,https://v.daum.net/v/20231220104523568,https://img4.daumcdn.net/thumb/R658x0.q70/?fname=https://t1.daumcdn.net/news/202312/20/newsis/20231220104523461fyys.jpg
1082,광주 52개 기업·기관 가족친화인증…올해까지 총 130곳,"
           광주광역시는 '2023년 여성가족부 가족친화인증' 심사에서 신규인증 22개, 유효기간연장 15개, 재인증 15개 등 총 52개사가 인증을 받았다고 20일 밝혔다. 
           광주시 가족친화인증은 올해까지 총 130개 기업·기관이 받았다. 여성가족부(한국경영인증원)는 2008년부터 근로자의 일·가정 양립을 지원하기 위해 자녀출산 및 양육지원, 유연근무제도, 가족친화 직장문화 조성 등 가족친화제도를 모범적으로 운영하는 기업과 기관을 심사해 가족친화인증을 부여하고 있다. 올해부터 '근로자 및 부양가족 지원제도'를 신설하는 등 생애주기별로 다양한 시기에 있는 근로자 지원을 포함해 변화된 가족친화 환경 상황을 반영한 개정 인증기준이 도입됐다. 가족친화경영은 일과 가정이 균형감 있게 양립하면서 근로자 모두가 성장할 수 있는 업무 환경을 만들어가는 경영전략이다. 광주시는 올해까지 총 130개사(중소기업 95, 대기업 3, 공공기관 32)가 가족친화인증을 받았으며, 다수의 기업·기관이 가족친화경영을 확대하고 있다. 인증을 획득한 기업·기관은 중앙정부, 각 지자체, 금융기관에서 부여하는 239개의 인센티브를 제공받을 수 있다. 광주시는 일반용역적격심사 신인도 가점, 신용보증 수수료 감면, 가족친화경영지원금 심사 우대 지원 등 총 17개의 다양한 인센티브를 제공한다. 시는 이번 인증지표 개정에 따라 전국 최초로 추진해온 가족친화경영지원금도 일부 개정해 운영한다. 더불어 중소기업의 가족친화인증 확대를 위해 가족친화경영 컨설팅 등도 지원한다. 성유석 시 일가정양립지원본부장은 ""가족친화인증제도는 기업의 이미지 개선, 이직률 감소는 물론 근로자의 삶의 질 향상, 직무만족도 증가 등 긍정적 효과가 크다""며 ""어려울 때 일수록 지역 기업·기관들이 가족친화경영에 적극 참여하길 바란다""고 말했다. 광주=정태관 기자 ctk3312@mt.co.kr<저작권자 ⓒ '성공을 꿈꾸는 사람들의 경제 뉴스' 머니S, 무단전재 및 재배포 금지> ",society,https://v.daum.net/v/20231220104522567,https://img3.daumcdn.net/thumb/R658x0.q70/?fname=https://t1.daumcdn.net/news/202312/20/moneyweek/20231220104523642uqzz.jpg
1083,"현대차, '역대 최대 규모' 임원 승진…이동석 부사장, 사장 승진","

            [이동석 사장]
           
 호실적을 이어가고 있는 현대자동차그룹이 역대 최대 규모의 임원 승진 인사를 실시했습니다.
           현대차그룹은 오늘(20일) 현대차 97명, 기아 38명, 현대모비스 20명 등 총 252명의 '2023년 하반기 정기 임원인사'를 실시했습니다. 현대차그룹은 역대 최고 실적을 달성한 2023년 성과에 대한 보상과 더불어, 향후 불확실한 경영환경 속에서 미래 모빌리티 전략을 선도할 리더 발탁에 초점을 맞춰 임원인사를 시행했다고 설명했습니다. 전체 승진 임원 가운데 신규선임 임원은 총 197명이며, 이중 38%를 40대에서 발탁함으로써 미래 준비를 위한 세대 교체에 중점을 뒀습니다. 전체 승진 임원 중 30%를 R&D, 신사업, 제조 등 기술 관련 분야에서 발탁해 기술 인재 중용의 기조도 유지했습니다. 이번 인사로 5년 연속 무분규와 최대 생산 실적을 견인한 현대차 국내생산담당 겸 안전보건최고책임자인 이동석 부사장이 사장으로 승진합니다. 또한, 브라이언 라토프 부사장을 사장으로 승진시켜 현대차·기아 글로벌 최고 안전 및 품질책임자로 임명했습니다. 브라이언 라토프 사장은 2019년 현대차 북미법인에 합류하기 전까지 27년간 제너럴모터스(GM)에서 근무했으며, 이후 지난해부터 현대차 글로벌 최고안전책임자를 맡아왔습니다. 한편, 현대오토에버 대표이사에 김윤구 부사장(현대차그룹 감사실장)을 사장으로 승진, 내정했고 현대차증권 대표이사에 배형근 부사장(현대모비스 CFO)을 사장으로 승진, 내정했습니다. 이밖에 현대카드·현대커머셜 경영관리부문 대표 전병구 부사장이 사장으로 승진했고, 현대차 HR본부장으로 BAT CHRO 출신의 김혜인 부사장을 영입, 임명하는 등 글로벌 전문성을 수혈했습니다.  

당신의 제보가 뉴스로 만들어집니다.SBS Biz는 여러분의 제보를 기다리고 있습니다.홈페이지 = https://url.kr/9pghjn

 짧고 유익한 Biz 숏폼 바로가기 
SBS Biz에 제보하기

저작권자 SBS미디어넷 & SBSi 무단전재-재배포 금지
 ",society,https://v.daum.net/v/20231220104512556,https://img2.daumcdn.net/thumb/R658x0.q70/?fname=https://t1.daumcdn.net/news/202312/20/sbscnbc/20231220104513635vrtw.jpg
1084,"여수광양항만공사, 인권경영시스템 4년 연속 인증","여수광양항만공사(YGPA)는 인권경영시스템에 대한 인증을 4년 연속 취득했다고 20일 밝혔다. YGPA는 올 한해 인권이 중시되는 사람 우선의 여수·광양항 조성을 위해 △인권경영 추진체계 고도화 △인권 취약분야 점검 및 보호 △대상별 맞춤형 인권 역량 제고라는 중점과제를 설정하고 다양한 인권경영활동을 전개했다. 특히 인권경영시스템에 대한 구축 및 체계에 대한 적극적인 개선, 임직원과 이해관계자에 대한 인권존중 책무 수행, 상호존중 주간 등을 통한 평등한 조직문화 조성에 노력해 왔다. 박성현 여수광양항만공사장은 ""올바른 인권존중문화 정착을 위해 다양한 활동과 교육을 실시하고 있다""며 ""여수·광양항의 인권문화를 선도하는데 노력하겠다""고 말했다. 
※CBS노컷뉴스는 여러분의 제보로 함께 세상을 바꿉니다. 각종 비리와 부당대우, 사건사고와 미담 등 모든 얘깃거리를 알려주세요.

이메일 :jebo@cbs.co.kr
카카오톡 :@노컷뉴스
사이트 :https://url.kr/b71afn

 전남CBS 유대용 기자 ydy2132@cbs.co.kr ▶ 기자와 카톡 채팅하기▶ 노컷뉴스 영상 구독하기  ",society,https://v.daum.net/v/20231220104511555,https://img1.daumcdn.net/thumb/R658x0.q70/?fname=https://t1.daumcdn.net/news/202312/20/nocut/20231220104512996xbjq.jpg
1085,사람 잡는 '담배 시비'…시민 6명에게 흉기 휘두른 40대 구속기소,"전주지검 정읍지청은 길가에서 시민들에게 흉기를 휘두른 혐의(살인미수·특수상해)로 A(43) 씨를 구속기소 했다고 오늘(20일) 밝혔습니다. 검찰은 재범 위험성이 크다고 보고 A 씨에 대해 위치추적 전자장치 부착 명령도 청구했습니다. A 씨는 지난 2일 오전 3시쯤 정읍시 수성동 한 길가에서 B 씨 등 6명에게 자전거를 집어던지고 소화기를 분사한 혐의를 받습니다. 그는 이후에도 분이 풀리지 않자 자택에서 흉기를 갖고 와 B 씨 일행에게 휘두른 것으로 드러났습니다. A 씨의 범행으로 크게 다친 시민은 없는 것으로 전해졌습니다. 앞서 A 씨는 B 씨에게 '담배를 빌려달라'고 했으나 이들 일행이 이를 거부하고 주먹을 휘두르자 이러한 범행을 한 것으로 조사됐습니다. 검찰은 B 씨 일행 3명의 폭력행위 등 처벌에 관한 법률 위반(공동폭행) 혐의에 대해서도 조사해 1명은 약식명령, 2명에 대해서는 기소유예 처분을 내렸습니다. 나머지 3명은 범행 시간 때 길을 지나던 단순 피해자라고 검찰은 설명했습니다. 검찰 관계자는 ""피고인에게 죄질에 상응하는 형이 선고될 수 있도록 공소 수행에 최선을 다하겠다""며 ""시민을 대상으로 한 무차별 흉기 난동 범죄에 대해서는 엄정하게 대응할 방침""이라고 말했습니다. (사진=연합뉴스TV 제공, 연합뉴스)
            유영규 기자 sbsnewmedia@sbs.co.kr ",society,https://v.daum.net/v/20231220104509553,https://img3.daumcdn.net/thumb/R658x0.q70/?fname=https://t1.daumcdn.net/news/202312/20/sbsi/20231220104511645fnbi.jpg
1086,"노관규 순천시장, '제13회 대한민국 반부패청렴 대상' 수상","노관규 전남 순천시장이 19일 국회의원회관에서 '2023년 제13회 대한민국 반부패청렴 대상'을 수상했다. '대한민국 반부패청렴 대상'은 투명하고 공정한 정치·행정·사회문화 확립에 기여한 정치인·공직자 등을 선정하고 대한민국의 청렴 사회를 구현하기 위해 한국반부패정책학회(회장 김용철)에서 주관하는 행사이다. 이번 수상은 지난 4년 동안 국민권익위원회 청렴도 평가에서 낮은 등급을 받아 실추된 순천시의 명예를 회복하는 계기가 되어 특별한 의미가 있다. 심사는 준법성·사회공헌성·반부패 성과·지역주민 인식도·재정 경제성 5개 평가지표에 따라 1차 예비심사와 2차 본심사, 3차 심의위원회 최종의결 순서로 객관적이고 공정한 절차를 통해 진행됐다. 노관규 순천시장은 """"이번 상은 청렴한 사회 구현을 위해 더욱 솔선수범하라는 격려의 의미로 주신 상으로 생각하고 반부패 청렴 확산을 위해 최선을 다하겠다""고 밝혔다. 
※CBS노컷뉴스는 여러분의 제보로 함께 세상을 바꿉니다. 각종 비리와 부당대우, 사건사고와 미담 등 모든 얘깃거리를 알려주세요.

이메일 :jebo@cbs.co.kr
카카오톡 :@노컷뉴스
사이트 :https://url.kr/b71afn

 전남CBS 박사라 기자 saraij@cbs.co.kr ▶ 기자와 카톡 채팅하기▶ 노컷뉴스 영상 구독하기  ",society,https://v.daum.net/v/20231220104508552,https://img3.daumcdn.net/thumb/R658x0.q70/?fname=https://t1.daumcdn.net/news/202312/20/nocut/20231220104511129khpz.jpg
1087,"경기도자박물관, ‘아름다운 우리도자 글·그림 대회’ 수상작 전시","한국도자재단이 경기도자박물관에서 ‘제9회 아름다운 우리도자 글·그림 대회’ 수상작을 내년 3월 31일까지 전시한다고 20일 밝혔다. ‘아름다운 우리도자 글·그림 대회’는 전국 초·중학생이 우리 도자기에 담긴 문화와 역사를 이해하며 글·그림으로 자유롭게 표현하는 대회다. 올해는 그림 부문 43점, 글·그림 부문 17점 등 총 60점이 수상작으로 선정됐다. 지난 18일 열린 시상식에서는 ▲글·그림 부문 대상(문화체육관광부 장관상) 이은서 학생(중암중2) ▲그림 부문 대상(경기도교육감상) 김수인 학생(태성초5)을 포함해 ▲최우수상(경기도교육감상) 3명 ▲우수상(경기도광주하남교육지원청 교육장상) 6명 ▲특선(한국도자재단 대표이사상) 9명 ▲입선(경기도자박물관장상) 40명 등 총 60명이 수상의 영예를 안았다. 수상자에게는 상장과 상금이 수여됐다. 시상식에는 최문환 한국도자재단 대표이사와 더불어 대회 참여 학생, 학부모, 교사 등 100여 명이 참석했다. 최문환 대표이사는 “앞으로 우리나라의 미래를 그려갈 어린이와 청소년들이 글과 시화로 표현한 우리 도자의 아름다움을 이번 전시에서 직접 만나보길 바란다”라고 말했다. 신동원 기자 ",society,https://v.daum.net/v/20231220104502544,https://img2.daumcdn.net/thumb/R658x0.q70/?fname=https://t1.daumcdn.net/news/202312/20/seoul/20231220104504027keqz.jpg
1088,"[단독] 낙서 모방 20대, 과거 예술품 절도로 경찰 조사...블로그에 전시까지","경복궁 담벼락에 낙서한 뒤 자수했던 20대 남성이 앞서 전시회 예술품을 훔쳐 경찰 조사를 받은 사실이 확인됐습니다.  서울 종로경찰서는 지난달 경복궁역 인근 미술관에서 전시된 예술 작품이었던 모자를 훔쳐 달아난 혐의로 20대 남성 A 씨를 붙잡아 조사했습니다.  A 씨는 검찰 단계에서 기소유예 처분을 받은 것으로 파악됐습니다.  YTN 취재 결과 A 씨는 훔친 물건을 중고거래 사이트에 올렸다고 인증하는 사진과 범행 과정, 경찰 조사까지 자신이 운영하는 블로그에 적은 것으로 확인됐습니다.  이와 함께, A 씨는 경복궁 담벼락 낙서 범행 뒤 블로그에 사진과 함께 곧 천막이 쳐지고 마감된다면서 자신의 전시회에 오라고 썼습니다.  오늘(20일) 새벽에는 낙서일 뿐인데 다들 너무 심각하다며 자신은 예술을 한 것뿐이라는 글도 올렸습니다.  또 하트를 검은색으로 그렸으면 좋았을 거라거나 영어 철자를 틀린 것이 창피하다고 적었습니다.  A 씨는 지난 17일 밤 경복궁 영추문 담벼락에 특정 가수의 이름과 앨범 이름 등을 스프레이로 뿌려 훼손한 혐의로 경찰에 자진 출석해 조사를 받았습니다.  YTN 임예진 (imyj77@ytn.co.kr) ※ '당신의 제보가 뉴스가 됩니다'  [카카오톡] YTN 검색해 채널 추가  [전화] 02-398-8585  [메일] social@ytn.co.kr [저작권자(c) YTN 무단전재, 재배포 및 AI 데이터 활용 금지] ",society,https://v.daum.net/v/20231220104500541,
1089,"금호건설, 월곶∼판교 복선전철 제9공구 공사 수주",(서울=연합뉴스) 금호건설은 국가철도공단이 발주한 '월곶∼판교 복선전철 제9공구 노반신설 기타공사'를 수주했다고 20일 밝혔다. 사진은 월곶∼판교 복선전철 제9공구 노선도. 2023.12.20 [금호건설 제공. 재판매 및 DB 금지] photo@yna.co.kr ▶제보는 카톡 okjebo ,society,https://v.daum.net/v/20231220104446533,https://img1.daumcdn.net/thumb/R658x0.q70/?fname=https://t1.daumcdn.net/news/202312/20/yonhap/20231220104446268knjh.jpg
1090,"경기축산센터, 저지 수정란 이식 첫 송아지 분만","
[더팩트ㅣ수원=유명식 기자] 경기도축산진흥센터는 갈색 젖소인 저지(Jersey) 품종 수정란을 이식한 첫 송아지가 태어났다고 20일 밝혔다.
           저지 품종 확산을 위해 처음 수입한 수정란으로 태어난 첫 송아지이다. 센터는 근친 방지 등 저지 품종의 혈통관리를 위해 3월 8개의 저지 수정란을 한우 암소 8마리에 이식했다. 이 가운데 4마리가 임신(수태율 50%)했으며, 첫 송아지가 태어났다. 앞으로 3마리가 더 분만할 예정이다. 태어난 저지 송아지는 14개월령까지 키운 뒤 수정란을 도내 저지 사육 농가 협의체 가입 농가에 무상으로 보급한다. 저지 품종은 다른 종보다 가축분뇨 배출량이 적어 환경부하 저감 효과가 있으며, 더위에 강해 여름철에도 우유 생산량에 별다른 차이가 없다. 
우유 생산량은 홀스타인보다 적지만, A2 베타카제인 유전자형을 대부분 보유하고 있어 우유를 먹으면 배가 아픈 사람도 마실 수 있다. 또 단백질과 지방 등 유효성분 함량이 상대적으로 높아 치즈와 버터 등 유가공품 생산에 유리하고, 칼슘, 아연과 같은 미량광물질 함량이 매우 높아 성장기 어린이와 노년층에 좋다고 알려졌다.
           안용기 센터소장은 ""해외 수정란을 이용한 첫 저지 송아지 생산""이라며 ""해외 수입 유제품을 대체하기 위한 연구와 협력을 꾸준히 하겠다""고 말했다. vv8300@tf.co.kr 발로 뛰는 더팩트는 24시간 여러분의 제보를 기다립니다.▶카카오톡: '더팩트제보' 검색▶이메일: jebo@tf.co.kr▶뉴스 홈페이지: http://talk.tf.co.kr/bbs/report/write ",society,https://v.daum.net/v/20231220104441531,https://img4.daumcdn.net/thumb/R658x0.q70/?fname=https://t1.daumcdn.net/news/202312/20/THEFACT/20231220104444116ncqf.jpg
1091,"대전시립미술관, 2024 청년작가지원전 '넥스트코드' 작가 공모","대전시립미술관은 대전·충청지역 청년예술가를 발굴해 지원하는 청년작가지원전 '넥스트코드 2024' 작가 공모를 시행한다고 20일 밝혔다. 넥스트코드는 대전·충청지역에 연고를 둔 차세대 작가들의 창작활동을 지원하는 전시로, 1999년 시작한 이후 25년간 152명의 청년작가들의 작품을 소개하고 육성했다. 특히 2018년부터 작가 선정 방식을 공모제로 전환, 미술계 외부전문가들의 심사를 거쳐 위상을 공고히 하며, 대전·충청 지역 청년작가들의 등용문이라는 평가를 받고 있다. '넥스트코드 2024' 전시는 내년 7월 2일부터 약 두 달간 대전시립미술관 만년동 본관에서 진행될 예정이다. 이번 공모에 선정된 작가들에겐 전시 및 평론가 매칭, 평론 원고비, 창작지원금이 지원되며 올해는 특별히 갤러리아타임월드와 메종 갤러리아 대전 내 팝업 전시도 함께 지원된다. 공모 지원 자격은 대전·충청 지역 연고가 있는 20-39세까지 시각예술분야 청년작가 누구나이며, 신청은 내달 8일까지 시립미술관 누리집에서 하면 된다. ",society,https://v.daum.net/v/20231220104427525,https://img2.daumcdn.net/thumb/R658x0.q70/?fname=https://t1.daumcdn.net/news/202312/20/daejonilbo/20231220104430081xbgo.jpg
1092,경기도 기획부동산 의심거래 조사… 273명 적발,"경기도는 자체 개발한 ‘기획부동산 상시모니터링 시스템’을 이용해 포착한 기획부동산 의심 거래에 대해 조사한 결과 불법행위자 273명을 적발했다고 20일 밝혔다. 경기더는 앞서 지난 8월부터 이달까지 경기도내 15개 시군의 기획부동산 투기 의심거래 1013건에 대해 조사했다. 그 결과 부동산 실거래 거짓·지연 신고 등 불법행위자 273명을 적발해 과태료 2억원을 부과했다. 또 토지거래허가 회피 행위 42건에 대해선 수사기관에 수사를 의뢰하는 한편 편법 증여 의심 사례 등 116건을 발견하고 관할 세무서에 통보했다. 주요 적발 사례를 보면 기획부동산 혐의법인 A주식회사는 지난 9월 매수자 B씨 사이에 체결된 안산시 단원구 소재 임야 매매계약을 30일 이내에 신고했어야 했지만, 이를 위반하고 계약일을 2023년 11월로 거짓 신고했다. 경기도는 지연 신고 과태료를 면하기 위한 행위라고 설명했다. 조사 과정에서 위법 사실이 적발돼 안산시는 매도자와 매수자에게 각각 과태료 100만 원을 부과했다. C씨는 토지거래허가구역으로 지정된 화성시 임야를 기획부동산 혐의법인 D주식회사와 실제 소유권 이전을 위한 거래계약을 체결했다. 허가구역 내 토지는 매매 전에 거래당사자가 관할 신고 관청에 허가받아야 하지만 이를 회피할 목적으로 근저당 등을 설정하고 토지거래허가구역 해제 후 소유권을 이전한 사실이 적발돼 수사기관에 수사를 요청했다. 고중국 경기도 토지정보과장은 “기획부동산 편법 투기거래를 지속적으로 추적해 강도 높은 조사를 실시하겠다”며 “불법 사항은 행정처분 및 수사기관에 수사 의뢰하는 등 공정하고 투명한 거래 질서 확립을 위해 노력하겠다”라고 말했다. 한편 경기도가 조사에 활용한 ‘기획부동산 상시모니터링 시스템’은 한국부동산원 등에서 받은 실시간 거래자료를 바탕으로 지분거래 여부, 용도지역, 기간 대비 거래 빈도 등 도의 기획부동산 거래패턴(알고리즘)에 일치할 경우 도가 즉시 추적에 나서는 방식이다. 김태희 기자 kth08@kyunghyang.com ",society,https://v.daum.net/v/20231220104423524,https://img4.daumcdn.net/thumb/R658x0.q70/?fname=https://t1.daumcdn.net/news/202312/20/khan/20231220104424353jxol.jpg
1093,"프라다코리아, 장애인 고용 10년 넘게 ‘0명’…자라는 1년 새 18명 채용","프라다코리아, 한국아스트라제네카 신도리코, 금성출판사 등 4개사가 10년 연속으로 장애인 고용이 저조하고, 지난해 12월 기준으로 장애인을 1명도 고용하지 않은 것으로 나타났다. 반면 자라리테일코리아는 지난해 12월에는 장애인 고용률이 0%였으나, 1년 만에 18명을 채용했다. 고용노동부는 20일 장애인 고용 의무를 이행하지 않고, 이행하려는 노력도 하지 않은 457개 명단을 공표했다. 국가·지방자치단체는 9개, 공공기관은 20개, 민간기업은 428개다. 공공 부문은 월평균 의무고용률(3.6%)을 못 지킨 기관, 민간은 근로자 300인 이상 기업 중 장애인 근로자 비율이 의무고용률(3.1%)의 절반인 1.55%에 못 미치는 곳이 공개 대상이다. 지난 4월 사전예고를 한 후 6개월간 이행 노력을 한 곳들은 제외됐다. 중앙행정기관 중에는 고위공직자범죄수사처와 소방청이, 지자체 중엔 울릉군, 봉화군, 군위군, 양구군 등이 포함됐다. 공공기관 가운데에서는 한국표준과학연구원, 세종테크노파크, 포항테크노파크 등이 장애인 고용 의무를 지키지 못했다. 민간기업 중엔 대기업 계열사가 25곳 포함됐고, 상시 근로자 1000명 이상이 64개다. 프라다코리아는 작년 말 기준 전체 근로자가 733명으로, 22명 이상을 장애인으로 채용해야 한다. 그런데 작년 뿐 아니라 10년 넘게 채용한 장애인 직원 수가 ‘0명’이었다. 10년 연속 명단에 포함된 기업은 쌍용건설, 동국대학교, 한국씨티은행, 신동아건설 등 총 65개다. 대기업 계열사 중엔 LG경영개발원, 아시아나IDT, 코리아써키트, 코오롱제약 등 4개 사가 3년 연속 명단 공표 대상이 됐다. 자라리테일코리아는 작년 말 기준 장애인을 한 명도 고용하지 않았지만, 한국장애인고용공단 컨설팅을 받아 매장 특성에 맞는 재고정리 보조, 온라인 주문 업무 지원, 신상품 유로화 라벨링 등 장애인 직무를 발굴했다. 그 결과 1년 만에 장애인 고용률 2.7%를 달성했다. 임영미 고용부 통합고용정책국장은 “올해는 장애인 고용률이 0%대인 기업들이 장애인 적합 직무를 개발해 채용을 확대하는 등의 큰 성과를 거뒀다”며 “정부는 내년에는 장애인 표준사업장 설립 규제 개선, 정부 부문 연계고용 허용 등 제도를 개선하겠다”고 밝혔다. - Copyright ⓒ 조선비즈 & Chosun.com - ",society,https://v.daum.net/v/20231220104415520,https://img3.daumcdn.net/thumb/R658x0.q70/?fname=https://t1.daumcdn.net/news/202312/20/chosunbiz/20231220104420579xovy.jpg
1094,[오늘 이슈] 서울 야간약국 운영 종료…“아이 키우기 좋은 도시 맞나?”," 서울시가 공공야간약국 사업을 중단합니다. 오늘 서울시 등에 따르면 서울시는 지난 18일 각 자치구에 공공야간약국 운영 사업 종료를 안내하는 공문을 보냈습니다. 서울시가 보낸 공문을 보면 ""예산 미확보로 사업을 종료하게 됐다""며 ""종료일은 이달 31일""이라고 나와 있습니다. 공공야간약국은 오후 10시부터 다음 날 오전 1시까지 운영됩니다. 2020년 9월에 도입됐는데 현재 서울 33곳으로 구마다 약 한두 개의 공공운영약국이 운영되는 셈입니다. 서울시의 내년 예산이 줄면서 불가피하게 사업이 중단된건데 약사들은 이같은 결정에 반발했습니다. 정수연 강서구약사회 총무위원장은 자신의 SNS에 ""소아과 오픈런사태에 확대를 해도모자를 판에 독감과 코로나가 더블 유행 중인 한겨울에 자칭 '아이 키우기 좋은 도시'서울시 정책은 거꾸로 간다""고 비판했습니다. 서울시는 정부가 공공심야약국 본사업을 시행하는 2025년부터 국비 지원을 받아 재개할 계획입니다. 
           KBS 뉴스 이세중입니다.
           

■ 제보하기
            ▷ 전화 : 02-781-1234, 4444
            ▷ 이메일 : kbs1234@kbs.co.kr
            ▷ 카카오톡 : 'KBS제보' 검색, 채널 추가
            ▷ 카카오 '마이뷰', 유튜브에서 KBS뉴스를 구독해주세요!
           
 이세중 기자 (center@kbs.co.kr) ",society,https://v.daum.net/v/20231220104412519,https://t1.daumcdn.net/news/202312/20/kbs/20231220104414941cbha.jpg
1095,"성산중, IB 월드스쿨 공식 지정.. 제주서 두 번째","성산중학교가 IB MYP 월드스쿨로 공식 지정됐습니다.성산중은 지난해 3월 IB 후보학교로 지정된 데 이어 약 2년 만에 IB 월드스쿨에 선정됐다고 오늘(20일) 밝혔습니다.제주지역 중학교 가운데 IB 월드스쿨이 된 것은 성산중이 두 번째입니다.IB는 1968년 창설돼 스위스 제네바에 본부를 두고 있는 국제 교육재단인 IBO에서 개발·운영하는 국제인증 교육 프로그램으로, 개념 이해와 탐구학습 활동을 통한 학습자의 자기주도적 성장을 추구합니다.성산중은 IB 월드스쿨 인증을 위해 IB 본부가 지정한 컨설턴트와 지속적인 협의 체계를 구축했습니다.이를 통해 인증기준에 맞는 IB 교육 프로그램 시행 기반을 갖췄고, 최종검증단 방문 당시 IB 월드스쿨 승인 기준에 부합한다는 평가를 받았습니다.이에 따라 성산중은 국제적인 네트워크를 구축해 교원‧학교‧국가 간 자료 공유와 협력 등을 함께 진행하게 됩니다.성산중 관계자는 ""IB 교육 프로그램 운영의 내실화를 위해 지속적으로 IB 본부와 긴밀한 관계를 유지할 예정""이라고 말했습니다. JIBS 제주방송 김재연(Replaykim@jibs.co.kr) 기자 ",society,https://v.daum.net/v/20231220104410517,https://img3.daumcdn.net/thumb/R658x0.q70/?fname=https://t1.daumcdn.net/news/202312/20/jibs/20231220104413095csah.jpg
1096,경기도 기획부동산 의심거래 조사… 273명 적발,"경기도는 자체 개발한 ‘기획부동산 상시모니터링 시스템’을 이용해 포착한 기획부동산 의심 거래에 대해 조사한 결과 불법행위자 273명을 적발했다고 20일 밝혔다. 경기더는 앞서 지난 8월부터 이달까지 경기도내 15개 시군의 기획부동산 투기 의심거래 1013건에 대해 조사했다. 그 결과 부동산 실거래 거짓·지연 신고 등 불법행위자 273명을 적발해 과태료 2억원을 부과했다. 또 토지거래허가 회피 행위 42건에 대해선 수사기관에 수사를 의뢰하는 한편 편법 증여 의심 사례 등 116건을 발견하고 관할 세무서에 통보했다. 주요 적발 사례를 보면 기획부동산 혐의법인 A주식회사는 지난 9월 매수자 B씨 사이에 체결된 안산시 단원구 소재 임야 매매계약을 30일 이내에 신고했어야 했지만, 이를 위반하고 계약일을 2023년 11월로 거짓 신고했다. 경기도는 지연 신고 과태료를 면하기 위한 행위라고 설명했다. 조사 과정에서 위법 사실이 적발돼 안산시는 매도자와 매수자에게 각각 과태료 100만 원을 부과했다. C씨는 토지거래허가구역으로 지정된 화성시 임야를 기획부동산 혐의법인 D주식회사와 실제 소유권 이전을 위한 거래계약을 체결했다. 허가구역 내 토지는 매매 전에 거래당사자가 관할 신고 관청에 허가받아야 하지만 이를 회피할 목적으로 근저당 등을 설정하고 토지거래허가구역 해제 후 소유권을 이전한 사실이 적발돼 수사기관에 수사를 요청했다. 고중국 경기도 토지정보과장은 “기획부동산 편법 투기거래를 지속적으로 추적해 강도 높은 조사를 실시하겠다”며 “불법 사항은 행정처분 및 수사기관에 수사 의뢰하는 등 공정하고 투명한 거래 질서 확립을 위해 노력하겠다”라고 말했다. 한편 경기도가 조사에 활용한 ‘기획부동산 상시모니터링 시스템’은 한국부동산원 등에서 받은 실시간 거래자료를 바탕으로 지분거래 여부, 용도지역, 기간 대비 거래 빈도 등 도의 기획부동산 거래패턴(알고리즘)에 일치할 경우 도가 즉시 추적에 나서는 방식이다. 김태희 기자 kth08@kyunghyang.com ",society,https://v.daum.net/v/20231220104423524,https://img1.daumcdn.net/thumb/R658x0.q70/?fname=https://t1.daumcdn.net/news/202312/20/khan/20231220104424353jxol.jpg
1097,"프라다코리아, 장애인 고용 10년 넘게 ‘0명’…자라는 1년 새 18명 채용","프라다코리아, 한국아스트라제네카 신도리코, 금성출판사 등 4개사가 10년 연속으로 장애인 고용이 저조하고, 지난해 12월 기준으로 장애인을 1명도 고용하지 않은 것으로 나타났다. 반면 자라리테일코리아는 지난해 12월에는 장애인 고용률이 0%였으나, 1년 만에 18명을 채용했다. 고용노동부는 20일 장애인 고용 의무를 이행하지 않고, 이행하려는 노력도 하지 않은 457개 명단을 공표했다. 국가·지방자치단체는 9개, 공공기관은 20개, 민간기업은 428개다. 공공 부문은 월평균 의무고용률(3.6%)을 못 지킨 기관, 민간은 근로자 300인 이상 기업 중 장애인 근로자 비율이 의무고용률(3.1%)의 절반인 1.55%에 못 미치는 곳이 공개 대상이다. 지난 4월 사전예고를 한 후 6개월간 이행 노력을 한 곳들은 제외됐다. 중앙행정기관 중에는 고위공직자범죄수사처와 소방청이, 지자체 중엔 울릉군, 봉화군, 군위군, 양구군 등이 포함됐다. 공공기관 가운데에서는 한국표준과학연구원, 세종테크노파크, 포항테크노파크 등이 장애인 고용 의무를 지키지 못했다. 민간기업 중엔 대기업 계열사가 25곳 포함됐고, 상시 근로자 1000명 이상이 64개다. 프라다코리아는 작년 말 기준 전체 근로자가 733명으로, 22명 이상을 장애인으로 채용해야 한다. 그런데 작년 뿐 아니라 10년 넘게 채용한 장애인 직원 수가 ‘0명’이었다. 10년 연속 명단에 포함된 기업은 쌍용건설, 동국대학교, 한국씨티은행, 신동아건설 등 총 65개다. 대기업 계열사 중엔 LG경영개발원, 아시아나IDT, 코리아써키트, 코오롱제약 등 4개 사가 3년 연속 명단 공표 대상이 됐다. 자라리테일코리아는 작년 말 기준 장애인을 한 명도 고용하지 않았지만, 한국장애인고용공단 컨설팅을 받아 매장 특성에 맞는 재고정리 보조, 온라인 주문 업무 지원, 신상품 유로화 라벨링 등 장애인 직무를 발굴했다. 그 결과 1년 만에 장애인 고용률 2.7%를 달성했다. 임영미 고용부 통합고용정책국장은 “올해는 장애인 고용률이 0%대인 기업들이 장애인 적합 직무를 개발해 채용을 확대하는 등의 큰 성과를 거뒀다”며 “정부는 내년에는 장애인 표준사업장 설립 규제 개선, 정부 부문 연계고용 허용 등 제도를 개선하겠다”고 밝혔다. - Copyright ⓒ 조선비즈 & Chosun.com - ",society,https://v.daum.net/v/20231220104415520,https://img2.daumcdn.net/thumb/R658x0.q70/?fname=https://t1.daumcdn.net/news/202312/20/chosunbiz/20231220104420579xovy.jpg
1098,[오늘 이슈] 서울 야간약국 운영 종료…“아이 키우기 좋은 도시 맞나?”," 서울시가 공공야간약국 사업을 중단합니다. 오늘 서울시 등에 따르면 서울시는 지난 18일 각 자치구에 공공야간약국 운영 사업 종료를 안내하는 공문을 보냈습니다. 서울시가 보낸 공문을 보면 ""예산 미확보로 사업을 종료하게 됐다""며 ""종료일은 이달 31일""이라고 나와 있습니다. 공공야간약국은 오후 10시부터 다음 날 오전 1시까지 운영됩니다. 2020년 9월에 도입됐는데 현재 서울 33곳으로 구마다 약 한두 개의 공공운영약국이 운영되는 셈입니다. 서울시의 내년 예산이 줄면서 불가피하게 사업이 중단된건데 약사들은 이같은 결정에 반발했습니다. 정수연 강서구약사회 총무위원장은 자신의 SNS에 ""소아과 오픈런사태에 확대를 해도모자를 판에 독감과 코로나가 더블 유행 중인 한겨울에 자칭 '아이 키우기 좋은 도시'서울시 정책은 거꾸로 간다""고 비판했습니다. 서울시는 정부가 공공심야약국 본사업을 시행하는 2025년부터 국비 지원을 받아 재개할 계획입니다. 
           KBS 뉴스 이세중입니다.
           

■ 제보하기
            ▷ 전화 : 02-781-1234, 4444
            ▷ 이메일 : kbs1234@kbs.co.kr
            ▷ 카카오톡 : 'KBS제보' 검색, 채널 추가
            ▷ 카카오 '마이뷰', 유튜브에서 KBS뉴스를 구독해주세요!
           
 이세중 기자 (center@kbs.co.kr) ",society,https://v.daum.net/v/20231220104412519,https://t1.daumcdn.net/news/202312/20/kbs/20231220104414941cbha.jpg
1099,"성산중, IB 월드스쿨 공식 지정.. 제주서 두 번째","성산중학교가 IB MYP 월드스쿨로 공식 지정됐습니다.성산중은 지난해 3월 IB 후보학교로 지정된 데 이어 약 2년 만에 IB 월드스쿨에 선정됐다고 오늘(20일) 밝혔습니다.제주지역 중학교 가운데 IB 월드스쿨이 된 것은 성산중이 두 번째입니다.IB는 1968년 창설돼 스위스 제네바에 본부를 두고 있는 국제 교육재단인 IBO에서 개발·운영하는 국제인증 교육 프로그램으로, 개념 이해와 탐구학습 활동을 통한 학습자의 자기주도적 성장을 추구합니다.성산중은 IB 월드스쿨 인증을 위해 IB 본부가 지정한 컨설턴트와 지속적인 협의 체계를 구축했습니다.이를 통해 인증기준에 맞는 IB 교육 프로그램 시행 기반을 갖췄고, 최종검증단 방문 당시 IB 월드스쿨 승인 기준에 부합한다는 평가를 받았습니다.이에 따라 성산중은 국제적인 네트워크를 구축해 교원‧학교‧국가 간 자료 공유와 협력 등을 함께 진행하게 됩니다.성산중 관계자는 ""IB 교육 프로그램 운영의 내실화를 위해 지속적으로 IB 본부와 긴밀한 관계를 유지할 예정""이라고 말했습니다. JIBS 제주방송 김재연(Replaykim@jibs.co.kr) 기자 ",society,https://v.daum.net/v/20231220104410517,https://img3.daumcdn.net/thumb/R658x0.q70/?fname=https://t1.daumcdn.net/news/202312/20/jibs/20231220104413095csah.jpg
1100,"경상국립대, ‘우주항공방산’ 중심 대학으로","[KBS 창원] [앵커] 경남에서 유일하게 정부 '글로컬대학'에 선정된 경상국립대학교가 미래 전략과 비전을 제시했습니다. 우주항공과 방위산업 분야에서, 세계 10위권 대학으로 성장하겠다는 야심 찬 목표입니다. 먼저 김소영 기자입니다. [리포트] '우주항공과 방위산업 전문화', 정부 글로컬대학에 선정된 경상국립대의 핵심 비전입니다. 이와 함께 '우주항공·방산 분야 세계 10위권 대학'이 목표입니다. 당장 내년부터 국내 처음 우주항공 단과대학을 신설하고, 신입생 107명을 선발합니다. 내년 하반기에는 우주항공과 방위산업을 전공하는 대학원 설립도 추진합니다. 또, 연암공과대학과 거창도립대, 남해도립대 등 지역 전문대학과 연계한 실무 중심 교육도 준비합니다. 우주항공과 방위산업 분야에서, 핵심 실무 인력과 연구 인력을 동시에 육성한다는 전략입니다. 창업 생태계를 조성하기 위해 연구소와 지원센터를 운영하고, 산업기술 인력 재교육과 맞춤형 교육으로 국가 거점대학의 역할도 다짐합니다. [권순기/경상국립대학교 총장 : ""지역사회, 지자체, 산업체, 다른 대학들, 연구소, 군 이런 데까지 전체가 같이 힘을 모아야만 됩니다.""] 경남의 우주항공 분야 생산액은 국내 69%. 향후 설립될 우주항공청과 항공우주연구원, 천문연구원 등 핵심 연구기관까지 결합되면 더 큰 연계 효과까지 기대됩니다. [박완수/경남도지사 : ""인재들이 양성되어서 우리 지역산업에 공급되면, 앞으로 7대 우주 강국 그리고 방위산업 발전에 큰 기여를 할 것으로 생각됩니다.""] 경상국립대는 글로컬 부총장을 공개 모집하고, 사업단을 발족시켜 대학 혁신방안도 마련할 계획입니다. KBS 뉴스 김소영입니다. 촬영기자:조원준/영상편집:이하우 김소영 기자 (kantapia@kbs.co.kr) ",society,https://v.daum.net/v/20231220104409516,https://t1.daumcdn.net/news/202312/20/kbs/20231220104411626tdyx.jpg
1101,"영월군, 강원도 농촌진흥사업 우수기관 선정","
            강원 영월군은 지난 19일 강원도농업기술원에서 열린 2023년도 강원 농촌진흥사업 성과공유회에서 농촌진흥사업 발전에 기여한 공로로 강원특별자치도지사로부터 우수 농촌지도기관 최우수상을 수상했다고 20일 밝혔다.
           이번 우수기관 선정은 강원도 시군 농업기술센터를 대상으로 2023년 농촌지도사업 혁신전략 추진실적, 현장 애로 해소, 신기술 현장 확산 실적, 청년농업인 육성 실적, 전문역량개발 실적, 중앙·지방 협력도 등을 평가했다. 영월군농업기술센터는 기후변화 및 돌발해충 등의 농업 환경변화 신속 대응 체계 구축, 시설재배의 기술 향상과 스마트농업 지원 확대, 과원 시설 현대화와 재배 기술 보급을 통한 고품질 고소득 생산 기반 조성, 보급종 채종 단지 확대 등을 추진했다. 아울러 청년농업인의 창업 및 경영지원을 확대하고 농산물종합가공센터, 농기계임대사업소, 친환경유용미생물센터 등의 운영으로 농업인과 지역사회 발전에 기여한 공로를 인정받아 농촌진흥사업 우수기관으로 선정됐다. 송초선 영월군농업기술센터 소장은 “전 직원들이 합심해 농촌의 어려움을 이해하고 농업인들에게 직접 와닿는 적극적인 농촌지도사업을 추진한 결과이며 앞으로도 활기찬 농업·농촌을 만들기 위해 최선을 다하겠다”고 말했다. 영월=박하림 기자 hrp118@kukinews.com ",society,https://v.daum.net/v/20231220104408515,https://img2.daumcdn.net/thumb/R658x0.q70/?fname=https://t1.daumcdn.net/news/202312/20/kukinews/20231220104409699jwqj.jpg
1102,"대전 유성구, 8년만에 마을버스 요금 250원 인상","
대전 유성구 마을버스 요금이 내년부터 인상된다.
           유성구는 20일 물가대책위원회를 개최하고 내년 1월 1일부터 유성마을버스 일반요금을 시내버스 인상 금액과 동일하게 250원 인상하기로 결정했다고 밝혔다.  인상내역은 일반요금은 카드 1100원에서 1350으로 인상하며, 청소년, 어린이 요금은 현행대로 동결한다.  대전시 대중교통 요금이 내년 1월 1일부터 250원 인상됨에 따라 대중교통 무료환승체계 유지 등을 종합적으로 고려할 때 동시 인상이 효율적일 것이라고 판단하여 이같이 결정했다. 한편 유성마을버스는 2015년 7월 요금인상 이후 8년간 요금을 동결해왔으나 운송원가 상승으로 운행적자가 늘어나 2023년 재정지원금으로 24억여원의 구 예산이 투입되고 있다. 유성구, 신성동 행정복지센터 신축 기공식 개최 대전 유성구 20일 신성동 신청사 신축부지(하기동 18-6번지 일원)에서 신성동 행정복지센터 신축 기공식을 갖고 본격적인 공사에 들어갔다. 현 신성동 행정복지센터는 1983년 건립된 노후 건축물로 공간이 협소해 늘어나는 주민 수요를 제대로 충족시킬 수 없어 총사업비 135억원을 투입해 2025년 3월 준공을 목표로 지하1층, 지상2층 규모로 신축 예정이다. 주요 시설로는 △지하1층 다목적실, 세미나실, 공유주방, 중정마당 △지상 1층 민원실, 세미나실, 주민자치 사무실 △지상 2층 회의실 등 다각적 기능이 포함되어 있다. 대전=이익훈 기자 emadang@kukinews.com ",society,https://v.daum.net/v/20231220104407512,https://img2.daumcdn.net/thumb/R658x0.q70/?fname=https://t1.daumcdn.net/news/202312/20/kukinews/20231220104408261gfsk.jpg
1103,"장기수 전 천안시의원, 내년 총선 천안병 출마 선언","[천안]학생운동과 시민사회운동 출신의 장기수(55) 전 천안시의원이 ""윤석열 정권과 맞서 싸우는 강한 민주당, 국민을 위해 열심히 일하는 국회의원이 필요하다""며 내년 국회의원선거 천안병 출마를 20일 선언했다. 장 전 의원은 20일 천안시청 브리핑실에서 출마기자회견을 갖고 ""천안만이라도 사람 사는 따뜻한 공동체를 만들고 싶어 20년 동안 천안을 위해 오직 한 길만 걸어왔다""며 ""하지만 윤석열 정부의 국정 파탄을 지켜보면서 중앙 정부와 국회가 제 역할을 못 한다면 천안의 변화는 없다는 사실을 깨달았다""고 말했다. 그는 ""대한민국은 비정상적 국가로 전락하고 있다""며 ""이재명과 함께 행동하는 장기수가 새 희망이 되겠다""고 밝혔다. 장기수 전 의원은 ""이번 주 선관위에 예비후보로 등록하고 봉서산 등 지역 현안과 국가 과제 등에 대한 공약과 구상을 순차적으로 발표할 계획""이라고 말했다. 더불어민주당 당적의 장 전 의원은 재선 시의원과 천안시의회 부의장, 지난 대선에서 이재명 대통령 경선 후보 충남총괄상황실장, 충남청소년진흥원장 등을 역임했다. 지난 두 차례 지방선거에서 민주당 소속으로 천안시장 출마에 도전했지만 경선 관문을 통과 못했다. ",society,https://v.daum.net/v/20231220104406511,https://img4.daumcdn.net/thumb/R658x0.q70/?fname=https://t1.daumcdn.net/news/202312/20/daejonilbo/20231220104408583wqwp.jpg
1104,"평창군, 동계청소년올림픽대회 종합상황실 개소","
강원 평창군은 20일 대관령면사무소 1층에 2024 강원 동계청소년올림픽대회를 대비한 군 종합상황실을 개소했다고 밝혔다.
           해당 장소는 2018 평창 동계올림픽 군 종합상황실로 사용되던 공간으로 당시 대회 관련 모든 활동과 서비스를 소통·조정·지휘하는 총괄 부서 역할을 하여 올림픽의 성공에 크게 기여한 곳이다. 이번 종합상황실은 1본부 1실 8부로 구성되며, 본부장에는 부군수, 부본부장에는 행정지원국장·경제건설국장, 상황실장에는 행정과장·올림픽체육과장을 두고 현장 안팎 모든 상황에 대한 종합 관찰을 통해 신속하게 대응할 예정이다. 특히 종합상황실 내부에는 제설·안전사고 등 발생 가능한 주요 상황들에 대한 처리 방안을 구비해 유관기관과 신속한 연락체계를 확보하고 상황에 보다 전문적으로 대응할 수 있도록 했다. 종합상황실은 내년 1월14일까지 시범운영 기간을 거쳐 1월15일부터 본격적으로 운영될 예정이며 15명 내외의 인원이 2월2일까지 근무할 예정이다.  김재봉 평창군 올림픽체육과장은 “종합상황실은 대회의 안정적인 운영을 지원하는 중요한 역할을 하는 기구로써 올림픽이라는 국제적인 행사가 차질없이 진행되도록 최선의 지원을 다하겠다”고 말했다. 평창=박하림 기자 hrp118@kukinews.com ",society,https://v.daum.net/v/20231220104405510,https://img1.daumcdn.net/thumb/R658x0.q70/?fname=https://t1.daumcdn.net/news/202312/20/kukinews/20231220104406622ohnd.jpg
1105,'MZ 조폭' 큰폭 증가세… 올 하반기 4명 중 3명은 30대 이하,"
           올 하반기 집중단속 기간 중 검거된 조직폭력범 1183명 중 30대 이하의 이른바 'MZ 조폭'이 75%에 달하는 것으로 나타났다. 4명 중 3명이 30대 이하인 셈이다.
           경찰청 국가수사본부는 지난 8월7일부터 12월16일까지 실시한 '하반기 조직폭력 범죄 집중단속'을 통해 조폭 1183명을 검거하고 이 중 189명을 구속했다고 밝혔다. 검거된 조폭 1183명 중 30대 이하는 888명으로 가장 많았고 뒤이어 40대 210명, 50대 이상 85명 순으로 검거됐다. 하반기에 검거된 30대 이하 조폭 수는 지난 상반기 57.8% 대비 크게 증가한 수치다. 범죄 유형별로는 ▲기업형·지능형 불법행위 520명(44.0%) ▲폭력, 갈취 등 서민 대상 불법행위 310명(26.1%) ▲폭력조직 가입·활동 254명(21.5%) ▲기타 범죄 99명(8.4%) 순으로 검거됐다. 범죄 세부 유형별로는 도박사이트 운영 등이 262명(22.1%)으로 가장 많았다. 특히 폭력조직 가입·활동 혐의로 하반기에 검거된 인원 254명 중 246명은 30대 이하 MZ 조폭이었다. 최근 MZ 조폭의 신규 범죄조직 결성이 활발하게 이루어지고 있다. 이들의 신흥조직 결성이 빠르게 이루어지며 경찰이 과거 조폭과 같이 관리 대상에 포함시키는 것이 어렵고 조직 규모·조직원들을 파악하기가 더욱 어려워졌다. 전문가들은 수사기관이 MZ 조폭을 범단이나 폭력행위 등 처벌에 관한 법(폭처법)상 조폭 범죄 혐의로 처벌하기 어려운 가장 큰 이유로 신생조직이라는 점을 든다. 법무법인 청 소속 곽준호 변호사는 ""과거 조폭은 족보와 계보가 있어 경찰의 관리대상에 포함됐기 때문에 죄를 지어 체포될 경우 자동으로 범단 가입이나 조직죄를 적용할 수 있었지만 MZ 조폭은 전력이 없기 때문에 과거 방식의 개입이 불가능하다""고 설명했다. 울산경찰청 강력범죄수사대는 지난 2021년 3월 신규 폭력조직을 결성해 기강을 잡겠다며 후배 조직원을 폭행하고, 경쟁 조직원에 보복행위를 한 신흥 조폭 45명을 검거했다. 이어 충남경찰청 강력범죄수사대는 지난해 12월 경기 안양시 소재 주점에서 전국 21개 폭력조직의 2002년생 조직원이 연대한 '전국회'를 결성하고, 상호 집단 폭행을 저지른 조직원 37명을 붙잡았다. 경찰은 범죄수익 추적을 강화해 범죄수익금 54억6000만원을 기소 전 몰수·추징 보전했다. 전년 단속 대비 3.3배 증가한 액수다. 지선우 기자 pond1998@mt.co.kr<저작권자 ⓒ '성공을 꿈꾸는 사람들의 경제 뉴스' 머니S, 무단전재 및 재배포 금지> ",society,https://v.daum.net/v/20231220104405509,https://img4.daumcdn.net/thumb/R658x0.q70/?fname=https://t1.daumcdn.net/news/202312/20/moneyweek/20231220104406481rbvm.jpg
1106,"정선아리랑제, 2024-2025 문화관광축제 선정","
강원 정선아리랑제가 ‘2024-2025 문화관광축제’로 선정됐다.
           2024-2025 문화관광축제는 2023년 개최된 지역축제를 문화체육관광부에서 축제 콘텐츠의 차별성과 축제 조직의 운영 역량, 지역사회 기여도, 안전 관리체계 등 전문가 서면·현장평가를 비롯해 관광객 인지도와 만족도, 지역주민 지지호응도를 종합한 결과를 반영해 전국 1200여 개 지역축제 중 25개를 선정한다.  유네스코 인류무형문화유산 정선아리랑의 전승과 보존을 목적으로 개최된 48회 정선아리랑제는 12개 부문 83개의 다채로운 프로그램이 선보이며 10만 명의 관람객을 유치해 문화적 가치와 관광 상품성을 인정받았다.  ‘2024-2025 문화관광축제’로 지정된 정선아리랑제는 문화체육관광부와 한국관광공사로부터 2년 동안 국비 지원은 물론 홍보마케팅, 수용태세 개선 등 전문 상담을 지원받게 된다. 또한 국민 대상으로 축제 방문 독려 행사와 외국인 관광객유치를 위한 방한 축제 관광 상품 판촉도 지원받는다. 최종수 정선아리랑문화재단 이사장은 “정선아리랑제가 지역주민의 참여를 통한 축제의 우수성과 전통성을 인정받아 2024-2025 문화관광축제로 재지정된 만큼 앞으로 펼쳐질 2024년 제49회 정선아리랑제와 2025년에 맞이할 50주년 정선아리랑제를 더욱 뜻깊고 풍성한 축제로 만들어 대한민국을 넘어 전세계에 지역주민의 자긍심 가득한 문화예술축제로 선보이겠다”고 말했다. 
정선=박하림 기자 hrp118@kukinews.com
           ",society,https://v.daum.net/v/20231220104402505,https://img2.daumcdn.net/thumb/R658x0.q70/?fname=https://t1.daumcdn.net/news/202312/20/kukinews/20231220104403410akvg.jpg
1107,"충남 학생들, 작가로 첫발…5천여명 참여해 책 175권 발간","(홍성=연합뉴스) 김소연 기자 = 충남지역 학생 5천여명이 작가로 거듭났다. 20일 충남교육청에 따르면 교육청은 학생들이 교육활동 속에서 탐구한 다양한 기록을 책으로 출판하도록 돕는 사업을 추진했다. 원고 접수부터 책 디자인, 편집 등 출판 전 과정을 지원한 결과 학생 5천여명이 참여해 최근 책 175권을 발간했다. 그림책, 문예 작품, 학술 에세이 등 다양한 장르의 작품이 종이책뿐 아니라 오디오북, 점자책 등 방식으로 출판됐다. 교육청은 지난 19일 아산시 충남교육청과학교육원에서 '미래를 여는 오늘의 기록, 2023 차곡차곡 학생 책 출판 기념식'을 열고 출판을 축하했다. 학생 작가들이 출판 경험을 공유했고, 책 전시와 축하 공연도 펼쳐졌다. 김지철 교육감은 ""학생들이 출판한 책은 질문과 탐구가 살아있는, 선생님들의 수업 혁신의 산물이자 충남 미래 교육 비전을 담은 그릇""이라며 출판을 지도한 선생님들의 노고에 감사함을 전했다. soyun@yna.co.kr ▶제보는 카톡 okjebo ",society,https://v.daum.net/v/20231220104400504,https://img3.daumcdn.net/thumb/R658x0.q70/?fname=https://t1.daumcdn.net/news/202312/20/yonhap/20231220104400704mgxj.jpg
1108,"부산 제조업, 원자재 가격 상승에 고금리까지 ‘이중고’"," [파이낸셜뉴스] 부산지역 제조업체들이 올 하반기 원자재 가격상승에 따른 경영 부담을 가장 크게 느끼고 있는 것으로 나타났다.  부산경제진흥원 부산원스톱기업지원센터가 부산 소재 제조업체 124개사를 대상으로 실시해 20일 발표한 ‘2023년 하반기 경영 동향 및 애로 사항 조사’ 결과에 따르면 기업들은 상반기에 이어 하반기에도 ‘원자재 가격 상승 및 조달 곤란’을 가장 큰 경영 애로사항으로 꼽았다.  해당 응답 비중도 지난 상반기 37.2%에서 하반기 40.3%로 3.1%p 높아진 것으로 조사됐다.  이어서 경영애로의 많은 부분을 차지한 것은 ‘인력 부족 및 임금 상승(23.4%)’과 ‘고금리(16.9%)’였다. 특히 고금리 응답률은 상반기 응답률 11.5%에 비해 5.4%p나 증가했다. 반면 ‘수출 및 내수 판매 부진’이라고 응답한 업체의 비중은 상반기 21.1%에서 하반기 13.7%로 7.5%p 감소한 것으로 나타났다.  조사 결과 올 하반기에도 부산 제조업체의 원자재난과 인력난은 지속됐으며 판매난은 다소 완화됐지만 고금리로 인한 자금난은 크게 심화됐음을 확인했다.  내년도 매출 전망에 대한 의견을 조사에서 올해보다 매출 증가를 전망한 업체는 14.5%, 동일 수준으로 전망한 업체는 53.2%, 감소할 것으로 내다본 업체는 32.3%로 집계됐다.  내년에 중점적으로 추진할 분야로는 ‘생산성 향상(43.5%)’, ‘기술 개발(24.2%)’, ‘경비 절감(18.5%)’, ‘시장 개척(12.1%)’, ‘시설 확장(1.6%)’ 순으로 나타났다.  국제 정세 불안, 환율 변동 위험, 고금리 등으로 인해 외연 확장보다는 내실을 다지는 분야를 더 중점적으로 추진할 것으로 해석된다.  내년 부산 제조업체의 고용 전망을 살펴보면 증가라고 응답한 업체는 19.4%, 동일 수준으로 응답한 업체는 75.8%, 감소라고 응답한 업체는 4.8%로 나타났다. 고용 증가 응답 비중이 고용 감소 응답 비중 보다 14.6%p 높게 나타남에 따라 2024년 고용은 다소 증가세를 보일 것으로 기대된다.  단, 내년도 매출이 소폭 감소할 것으로 전망되고 인력 부족 및 임금 상승이 두 번째로 높은 경영애로 사항을 차지한 것을 고려하면 내년도 고용 증가는 시설 확장과 같은 투자에 의해 이뤄지기보다는 올해 부족했던 인원과 내년도 퇴직할 인원을 충원하는 수준에서 이뤄질 것이란 전망에 힘이 실린다.  센터 관계자는 “최근 지속적인 기준금리 상승으로 기업의 자금난이 가중되고 있으며 이번 조사결과를 통해서도 고금리가 경영환경을 어렵게 하는 요인 중 가장 높은 증가세를 보이고 있음을 확인했다”면서 “기업들이 생각하는 적정 기준 금리는 2% 이상~3% 미만이 응답률 76.6%를 기록한 만큼 고금리로 인한 기업들의 자금난 해소를 위해서는 기준 금리 인하와 같은 조치가 필요할 것으로 보인다”라고 강조했다. ",society,https://v.daum.net/v/20231220104348498,https://img4.daumcdn.net/thumb/R658x0.q70/?fname=https://t1.daumcdn.net/news/202312/20/fnnewsi/20231220104348642gpjm.jpg
1109,"법원 ""SKT, 개인정보 가명처리 중단""…가입자들 2심도 승소","(서울=연합뉴스) 이영섭 기자 = SK텔레콤 가입자 일부가 통신사를 상대로 개인정보 가명처리를 중단하라는 소송을 내 2심에서도 이겼다. 서울고법 민사7부(강승준 김민아 양석용 부장판사)는 20일 A씨 등 5명이 SKT를 상대로 낸 처리정지 청구 소송을 1심과 같이 원고 승소로 판결했다. 가명처리란 개인정보 일부를 삭제·대체해 추가정보 없이는 누구인지 알아볼 수 없도록 하는 조치다. 통신사들이 당사자 동의 없이 개인정보를 추가로 활용하거나 제3자에게 제공할 때 가명처리를 하게 돼 있다. 참여연대 등은 2020년 10월 SKT에 보유 개인정보의 가명처리 여부, 가명처리 정보 주체가 개인정보 일체를 열람할 수 있는지를 물으며 궁극적으로 가명처리 중단을 요구했다. 이들은 통신사가 가명처리를 내세워 개인정보를 마음대로 활용할 수 있다고 주장했다. 그러나 SKT는 ""이미 가명처리된 정보에 대해선 개인정보 열람과 처리정지권이 제한된다""며 시민단체 요구를 거절했다. 단체들은 ""열람청구권·처리정지권이 없다면 기업의 손에 개인정보가 넘어간 이후에는 정보 주체가 통제·감시할 수단이 전혀 없게 된다""며 이듬해 2월 소송을 제기했다. A씨 등은 이 소송에 자발적으로 참여한 SKT 가입자다. 1심 재판부는 ""정보 주체로서는 개인정보 가명처리를 정지해달라고 요구하는 게 가명정보에 관해 행사할 수 있는 유일한 결정권""이라며 ""SKT는 원고들의 개인정보를 가명처리해선 안 된다""고 판단했다. younglee@yna.co.kr ▶제보는 카톡 okjebo ",society,https://v.daum.net/v/20231220104326492,https://img4.daumcdn.net/thumb/R658x0.q70/?fname=https://t1.daumcdn.net/news/202312/20/yonhap/20231220104326191bufv.jpg
1110,"가톨릭대 대전성모병원, 감염관리의 날 행사 성료","[아이뉴스24 박희석 기자] 가톨릭대학교 대전성모병원은 지난 19일 오후 4시 병원 9층 대강당 상지홀에서 감염관리의 날 행사를 개최했다. ‘감염관리, 누구나 실천할 수 있어요’를 주제로 열린 이번 행사는 감염관리 OX 퀴즈, 내 핸드폰은 얼마나 깨끗한가-오염도 테스트 등 사전 행사를 시작으로 서우석 감염관리실장(소아청소년과 임상조교수)이 ‘의료 관련 감염과 감염관리’를 주제로 특강을 진행했다. 강전용 병원장은 “의료 현장에서 감염관리에 대한 관심을 갖고 실천하고 있는 교직원 덕분에 안전한 병원이 유지되고 있다”며 “앞으로도 감염관리의 중요성을 인식하고 기본을 철저히 지켜 환자 안전에 힘써달라”고 전했다. /대전=박희석 기자(news26@inews24.com) ",society,https://v.daum.net/v/20231220104307482,https://img3.daumcdn.net/thumb/R658x0.q70/?fname=https://t1.daumcdn.net/news/202312/20/inews24/20231220104309163punk.jpg
